time_s,ratio_pct
-0.00157161,-2.24734e-05
5.90924,4.99997
11.6235,9.99997
17.643,15
24.3566,20
31.6451,25
38.7728,30
45.5577,35
52.1546,40
58.7103,44.9999
72.3587,49.9999
93.1711,54.9999
120.83,59.9999
161.827,64.9999
211.491,69.9999
275.453,74.9999
355.735,79.9999
452.915,84.9999
580.246,89.9999
614.541,90.9999
651.907,91.9999
691.334,92.9999
738.771,93.9999
792.192,94.9999
822.226,95.4999
853.989,95.9999
887.526,96.4999
925.475,96.9999
966.676,97.4999
1011.26,97.9999
1062.42,98.4999
1158.03,98.9999
1200.14,99.0953
