pin_dbm,cdf
-24.7091,9.30577e-07
-24.691,4.65497e-06
-24.6728,6.51716e-06
-24.6546,1.02416e-05
-24.6364,1.16382e-05
-24.6183,2.09492e-05
-24.6001,2.8398e-05
-24.5819,4.09678e-05
-24.5637,5.16754e-05
-24.5456,6.28486e-05
-24.5274,7.91428e-05
-24.5092,9.5437e-05
-24.491,0.000115456
-24.4728,0.00013175
-24.4546,0.000148044
-24.4364,0.000161079
-24.4183,0.00018296
-24.4001,0.0002081
-24.3819,0.000235567
-24.3637,0.000255586
-24.3456,0.000291899
-24.3274,0.000328211
-24.3092,0.0003608
-24.291,0.000397578
-24.2728,0.000428304
-24.2546,0.000470204
-24.2364,0.000497206
-24.2183,0.000539105
-24.2001,0.000584729
-24.1819,0.000630353
-24.1637,0.000677373
-24.1455,0.000719272
-24.1274,0.000761172
-24.1092,0.000813779
-24.091,0.000859403
-24.0728,0.00091201
-24.0547,0.000970203
-24.0364,0.00102095
-24.0183,0.00107402
-24.0001,0.00112104
-23.9819,0.00117225
-23.9637,0.00122486
-23.9455,0.00127188
-23.9274,0.00134683
-23.9092,0.00141387
-23.891,0.00147579
-23.8728,0.00154329
-23.8547,0.00161592
-23.8364,0.00169041
-23.8183,0.00177234
-23.8001,0.00183426
-23.7819,0.00191387
-23.7637,0.00198138
-23.7455,0.002054
-23.7274,0.00212849
-23.7092,0.00219972
-23.691,0.00226117
-23.6728,0.00232495
-23.6546,0.00240875
-23.6364,0.00247579
-23.6183,0.00253957
-23.6001,0.00261033
-23.5819,0.00268342
-23.5637,0.00277979
-23.5455,0.00286173
-23.5274,0.00295949
-23.5092,0.00305074
-23.491,0.00313966
-23.4728,0.00322718
-23.4546,0.00331424
-23.4364,0.00341806
-23.4182,0.00351443
-23.4001,0.00360149
-23.3819,0.0037053
-23.3637,0.00379609
-23.3455,0.00388361
-23.3274,0.00398882
-23.3092,0.00409636
-23.291,0.00420018
-23.2728,0.00430167
-23.2546,0.00439292
-23.2364,0.00447811
-23.2182,0.00458007
-23.2001,0.00468202
-23.1819,0.00480539
-23.1637,0.00489292
-23.1455,0.00500744
-23.1274,0.00513268
-23.1092,0.00522904
-23.091,0.00534404
-23.0728,0.00547858
-23.0546,0.0055931
-23.0364,0.00571834
-23.0182,0.0058566
-23.0001,0.00598742
-22.9819,0.00610195
-22.9637,0.00623323
-22.9455,0.00637336
-22.9274,0.0064986
-22.9092,0.00662057
-22.891,0.0067458
-22.8728,0.00691154
-22.8546,0.00705679
-22.8364,0.00718621
-22.8182,0.00734403
-22.8001,0.00751722
-22.7819,0.00770437
-22.7637,0.00793342
-22.7455,0.00817737
-22.7274,0.00843342
-22.7091,0.00870809
-22.691,0.00899906
-22.6728,0.00932262
-22.6546,0.00969366
-22.6364,0.0101629
-22.6183,0.0106722
-22.6001,0.0111359
-22.5819,0.0116541
-22.5637,0.0122109
-22.5455,0.0128091
-22.5274,0.0134199
-22.5091,0.013973
-22.491,0.0145568
-22.4728,0.015135
-22.4546,0.0157132
-22.4364,0.0162914
-22.4183,0.0169115
-22.4001,0.0175828
-22.3819,0.0181792
-22.3637,0.0188282
-22.3455,0.0194558
-22.3274,0.0200815
-22.3091,0.0207579
-22.291,0.0213873
-22.2728,0.0220507
-22.2546,0.0226857
-22.2364,0.0233892
-22.2182,0.0241294
-22.2001,0.024946
-22.1819,0.0257244
-22.1637,0.0265428
-22.1455,0.0274758
-22.1274,0.0284394
-22.1091,0.0294613
-22.091,0.0305018
-22.0728,0.0315907
-22.0546,0.0327076
-22.0364,0.033844
-22.0182,0.0350009
-22.0001,0.0362211
-21.9819,0.0374813
-21.9637,0.0387998
-21.9455,0.0400819
-21.9274,0.0414711
-21.9092,0.042864
-21.891,0.04427
-21.8728,0.0457518
-21.8546,0.0472923
-21.8364,0.0487998
-21.8182,0.0502076
-21.8001,0.0517276
-21.7819,0.0532607
-21.7637,0.0548919
-21.7455,0.0565488
-21.7274,0.0582546
-21.7092,0.059993
-21.691,0.0616517
-21.6728,0.0632918
-21.6547,0.0649757
-21.6364,0.0666815
-21.6182,0.0683058
-21.6001,0.0699478
-21.5819,0.0716466
-21.5637,0.0733468
-21.5455,0.07504
-21.5274,0.0767276
-21.5092,0.0783477
-21.491,0.0799082
-21.4728,0.0815702
-21.4547,0.0832797
-21.4364,0.084911
-21.4182,0.0865241
-21.4001,0.0881824
-21.3819,0.0899082
-21.3637,0.0916466
-21.3455,0.0932071
-21.3274,0.0948202
-21.3092,0.0964478
-21.291,0.0981517
-21.2728,0.0998337
-21.2546,0.101514
-21.2364,0.103273
-21.2182,0.105048
-21.2001,0.106697
-21.1819,0.108414
-21.1637,0.110118
-21.1455,0.111789
-21.1274,0.113489
-21.1092,0.115204
-21.091,0.11695
-21.0728,0.118705
-21.0546,0.120482
-21.0364,0.122149
-21.0182,0.123923
-21.0001,0.125683
-20.9819,0.127412
-20.9637,0.129213
-20.9455,0.130922
-20.9274,0.132672
-20.9091,0.134468
-20.891,0.13618
-20.8728,0.138004
-20.8546,0.139844
-20.8364,0.141608
-20.8182,0.143444
-20.8001,0.145232
-20.7819,0.147002
-20.7637,0.148784
-20.7455,0.150619
-20.7274,0.152406
-20.7091,0.15431
-20.691,0.156191
-20.6728,0.158151
-20.6546,0.160035
-20.6364,0.162008
-20.6182,0.163962
-20.6001,0.165869
-20.5819,0.167855
-20.5637,0.169897
-20.5455,0.171829
-20.5274,0.174445
-20.5091,0.178861
-20.491,0.183222
-20.4728,0.187537
-20.4546,0.192229
-20.4364,0.196752
-20.4182,0.201373
-20.4001,0.206101
-20.3819,0.210909
-20.3637,0.216116
-20.3455,0.221962
-20.3274,0.227378
-20.3091,0.232901
-20.291,0.238682
-20.2728,0.243648
-20.2546,0.248266
-20.2364,0.252947
-20.2183,0.257324
-20.2001,0.261772
-20.1818,0.266151
-20.1637,0.270398
-20.1455,0.276724
-20.1274,0.284933
-20.1091,0.292917
-20.091,0.301026
-20.0728,0.310266
-20.0546,0.321071
-20.0364,0.332137
-20.0183,0.343297
-20.0001,0.354833
-19.9818,0.36764
-19.9637,0.379521
-19.9455,0.391006
-19.9274,0.402733
-19.9091,0.414842
-19.891,0.42602
-19.8728,0.437123
-19.8546,0.447952
-19.8364,0.459023
-19.8182,0.469493
-19.8001,0.479954
-19.7818,0.490387
-19.7637,0.500843
-19.7455,0.511281
-19.7274,0.522296
-19.7091,0.532724
-19.691,0.542747
-19.6728,0.552733
-19.6546,0.562673
-19.6364,0.572361
-19.6182,0.582356
-19.6001,0.592389
-19.5818,0.603119
-19.5637,0.61406
-19.5455,0.62412
-19.5274,0.633836
-19.5091,0.643594
-19.491,0.652551
-19.4728,0.660955
-19.4546,0.669367
-19.4364,0.677407
-19.4182,0.685024
-19.4001,0.692375
-19.3818,0.699167
-19.3637,0.705871
-19.3455,0.712468
-19.3274,0.718715
-19.3091,0.724767
-19.291,0.730773
-19.2728,0.736676
-19.2546,0.742365
-19.2364,0.747817
-19.2182,0.753166
-19.2001,0.758408
-19.1818,0.76359
-19.1637,0.768478
-19.1455,0.773459
-19.1274,0.778157
-19.1091,0.782919
-19.091,0.787468
-19.0728,0.791881
-19.0546,0.796332
-19.0364,0.800657
-19.0182,0.804865
-19.0001,0.809199
-18.9818,0.813208
-18.9637,0.817333
-18.9455,0.821322
-18.9273,0.82521
-18.9091,0.829064
-18.891,0.832952
-18.8728,0.836657
-18.8546,0.840331
-18.8364,0.843971
-18.8182,0.847477
-18.8001,0.851131
-18.7819,0.854539
-18.7637,0.857998
-18.7455,0.861429
-18.7273,0.864791
-18.7091,0.86817
-18.691,0.871541
-18.6728,0.874646
-18.6546,0.877793
-18.6364,0.880959
-18.6182,0.884055
-18.6001,0.887002
-18.5819,0.890033
-18.5637,0.892877
-18.5455,0.895861
-18.5273,0.898813
-18.5091,0.901727
-18.491,0.904572
-18.4728,0.907393
-18.4546,0.910237
-18.4364,0.912993
-18.4182,0.915857
-18.4001,0.918664
-18.3818,0.921443
-18.3637,0.924092
-18.3455,0.92676
-18.3273,0.929339
-18.3091,0.931932
-18.291,0.934488
-18.2728,0.936862
-18.2546,0.93932
-18.2364,0.941541
-18.2182,0.943869
-18.2,0.946117
-18.1818,0.948291
-18.1637,0.950517
-18.1455,0.952742
-18.1273,0.954921
-18.1091,0.9571
-18.091,0.959181
-18.0728,0.961336
-18.0546,0.963431
-18.0364,0.965526
-18.0182,0.967593
-18.0001,0.969469
-17.9818,0.971452
-17.9637,0.97331
-17.9455,0.97507
-17.9273,0.976937
-17.9091,0.978766
-17.891,0.980587
-17.8728,0.982323
-17.8546,0.983734
-17.8364,0.985046
-17.8182,0.986401
-17.8,0.987812
-17.7818,0.98892
-17.7637,0.989679
-17.7455,0.990452
-17.7273,0.991182
-17.7091,0.991913
-17.691,0.992607
-17.6728,0.993357
-17.6546,0.994069
-17.6364,0.994786
-17.6183,0.995442
-17.6001,0.996141
-17.5818,0.996839
-17.5637,0.997477
-17.5455,0.998012
-17.5273,0.998422
-17.5091,0.998817
-17.491,0.999195
-17.4728,0.999576
-17.4546,1
