time_s,aperiodic,periodic_Ng1,periodic_Ng4
0.0000,0.0000,0.0000,0.0000
0.5000,0.1552,0.0000,0.0138
1.0000,0.3813,0.0930,0.0705
1.5000,0.6141,0.1431,0.1008
2.0000,0.8434,0.1735,0.1534
2.5000,1.0691,0.2296,0.2412
3.0000,1.2934,0.3499,0.3218
3.5000,1.5183,0.5305,0.4673
4.0000,1.7431,0.7352,0.5389
4.5000,1.9697,0.9363,0.6792
5.0000,2.1970,1.1472,0.7476
5.5000,2.4250,1.3580,0.8873
6.0000,2.6482,1.5945,0.9888
6.5000,2.8767,1.8050,1.0857
7.0000,3.1037,2.0264,1.1848
7.5000,3.3277,2.2497,1.2857
8.0000,3.5533,2.4634,1.3871
8.5000,3.7800,2.6466,1.4801
9.0000,4.0080,2.7758,1.5781
9.5000,4.2304,2.8559,1.6698
10.0000,4.4507,2.9101,1.7645
10.5000,4.6834,2.9743,1.8589
11.0000,4.9110,3.0982,1.9818
11.5000,5.1370,3.2333,2.0413
12.0000,5.3545,3.3866,2.1612
12.5000,5.5842,3.5415,2.2219
13.0000,5.8083,3.6952,2.3467
13.5000,6.0360,3.8745,2.4113
14.0000,6.2666,4.0706,2.5366
14.5000,6.4908,4.2741,2.6119
15.0000,6.7192,4.4761,2.7459
15.5000,6.9417,4.6529,2.8248
16.0000,7.1710,4.7963,2.9630
16.5000,7.3996,4.9366,3.0747
17.0000,7.6276,5.0434,3.1798
17.5000,7.8548,5.1565,3.2801
18.0000,8.0832,5.2529,3.3833
18.5000,8.3021,5.3465,3.4812
19.0000,8.5229,5.4496,3.5794
19.5000,8.7480,5.5601,3.6790
20.0000,8.9731,5.6943,3.7834
20.5000,9.1967,5.8526,3.8852
21.0000,9.4144,6.0317,3.9911
21.5000,9.6415,6.2522,4.1274
22.0000,9.8713,6.4259,4.1990
22.5000,10.0927,6.5848,4.3357
23.0000,10.3190,6.7231,4.4067
23.5000,10.5447,6.8484,4.5408
24.0000,10.7707,6.9724,4.6110
24.5000,10.9988,7.1001,4.7437
25.0000,11.2271,7.2190,4.8106
25.5000,11.4493,7.3385,4.9443
26.0000,11.6716,7.4516,5.0130
26.5000,11.8981,7.5761,5.1471
27.0000,12.1225,7.6885,5.2465
27.5000,12.3420,7.8140,5.3483
28.0000,12.5672,7.9591,5.4477
28.5000,12.7916,8.1162,5.5497
29.0000,13.0194,8.2671,5.6501
29.5000,13.2425,8.4145,5.7498
30.0000,13.4683,8.5399,5.8500
30.5000,13.6959,8.6675,5.9498
31.0000,13.9227,8.7909,6.0503
31.5000,14.1418,8.9472,6.1479
32.0000,14.3656,9.0832,6.2749
32.5000,14.5899,9.2179,6.3384
33.0000,14.8174,9.3432,6.4653
33.5000,15.0428,9.4715,6.5294
34.0000,15.2655,9.5952,6.6528
34.5000,15.4902,9.7227,6.7148
35.0000,15.7163,9.8546,6.8379
35.5000,15.9388,9.9880,6.9012
36.0000,16.1665,10.1304,7.0303
36.5000,16.3936,10.2654,7.0918
37.0000,16.6143,10.4075,7.2145
37.5000,16.8331,10.5125,7.3112
38.0000,17.0570,10.6207,7.4029
38.5000,17.2796,10.7472,7.4964
39.0000,17.5040,10.8863,7.5909
39.5000,17.7214,11.0265,7.6878
40.0000,17.9474,11.1652,7.7811
40.5000,18.1728,11.2962,7.8782
41.0000,18.3966,11.4297,7.9721
41.5000,18.6221,11.5642,8.0698
42.0000,18.8434,11.7249,8.1665
42.5000,19.0698,11.8618,8.2937
43.0000,19.2914,12.0011,8.3602
43.5000,19.5149,12.1208,8.4864
44.0000,19.7393,12.2262,8.5506
44.5000,19.9613,12.3292,8.6761
45.0000,20.1841,12.4467,8.7360
45.5000,20.4138,12.5761,8.8626
46.0000,20.6349,12.7036,8.9255
46.5000,20.8561,12.8291,9.0583
47.0000,21.0800,12.9850,9.1567
47.5000,21.3028,13.1207,9.2558
48.0000,21.5275,13.2618,9.3526
48.5000,21.7485,13.4017,9.4481
49.0000,21.9717,13.5466,9.5454
49.5000,22.1925,13.6882,9.6383
50.0000,22.4137,13.8173,9.7326
50.5000,22.6307,13.9371,9.8262
51.0000,22.8523,14.0473,9.9188
51.5000,23.0805,14.1637,10.0139
52.0000,23.3027,14.2989,10.1421
52.5000,23.5178,14.4066,10.2042
53.0000,23.7432,14.5237,10.3364
53.5000,23.9678,14.6526,10.4019
54.0000,24.1802,14.7890,10.5313
54.5000,24.4064,14.9291,10.5966
55.0000,24.6337,15.0716,10.7305
55.5000,24.8550,15.2081,10.7941
56.0000,25.0770,15.3467,10.9247
56.5000,25.2979,15.4851,10.9907
57.0000,25.5234,15.6203,11.1223
57.5000,25.7415,15.7630,11.2218
58.0000,25.9595,15.8787,11.3176
58.5000,26.1833,15.9912,11.4136
59.0000,26.4004,16.1065,11.5091
59.5000,26.6254,16.2195,11.6052
60.0000,26.8454,16.3405,11.7010
60.5000,27.0689,16.4702,11.7944
61.0000,27.2925,16.5951,11.8873
61.5000,27.5086,16.7162,11.9819
62.0000,27.7257,16.8477,12.0737
62.5000,27.9495,17.0091,12.1989
63.0000,28.1737,17.1550,12.2629
63.5000,28.3890,17.2896,12.3886
64.0000,28.6061,17.4202,12.4511
64.5000,28.8263,17.5416,12.5759
65.0000,29.0491,17.6611,12.6385
65.5000,29.2715,17.7696,12.7617
66.0000,29.4910,17.8883,12.8235
66.5000,29.7090,18.0068,12.9520
67.0000,29.9329,18.1194,13.0126
67.5000,30.1503,18.2672,13.1419
68.0000,30.3691,18.3977,13.2378
68.5000,30.5899,18.5300,13.3304
69.0000,30.8103,18.6661,13.4283
69.5000,31.0305,18.7996,13.5212
70.0000,31.2531,18.9312,13.6170
70.5000,31.4719,19.0497,13.7107
71.0000,31.6959,19.1790,13.8089
71.5000,31.9207,19.3057,13.9066
72.0000,32.1386,19.4309,14.0037
72.5000,32.3550,19.5680,14.0995
73.0000,32.5770,19.6908,14.2294
73.5000,32.7942,19.8088,14.2949
74.0000,33.0191,19.9276,14.4226
74.5000,33.2397,20.0460,14.4836
75.0000,33.4627,20.1689,14.6121
75.5000,33.6847,20.3020,14.6750
76.0000,33.8993,20.4361,14.7967
76.5000,34.1252,20.5708,14.8598
77.0000,34.3437,20.7021,14.9870
77.5000,34.5596,20.8314,15.0502
78.0000,34.7767,20.9770,15.1784
78.5000,34.9975,21.0905,15.2789
79.0000,35.2105,21.2017,15.3753
79.5000,35.4335,21.3239,15.4755
80.0000,35.6495,21.4476,15.5721
80.5000,35.8710,21.5702,15.6686
81.0000,36.0887,21.6943,15.7626
81.5000,36.3051,21.8185,15.8634
82.0000,36.5263,21.9455,15.9549
82.5000,36.7419,22.0729,16.0511
83.0000,36.9580,22.2203,16.1441
83.5000,37.1744,22.3529,16.2800
84.0000,37.3962,22.4832,16.3424
84.5000,37.6190,22.6059,16.4674
85.0000,37.8378,22.7259,16.5321
85.5000,38.0560,22.8498,16.6585
86.0000,38.2741,22.9660,16.7223
86.5000,38.4879,23.0851,16.8520
87.0000,38.7057,23.2013,16.9150
87.5000,38.9237,23.3200,17.0376
88.0000,39.1416,23.4620,17.1301
88.5000,39.3631,23.5856,17.2179
89.0000,39.5834,23.7179,17.3134
89.5000,39.8005,23.8561,17.4067
90.0000,40.0176,23.9877,17.5036
90.5000,40.2381,24.1184,17.5941
91.0000,40.4568,24.2366,17.6902
91.5000,40.6735,24.3611,17.7810
92.0000,40.8950,24.4776,17.8748
92.5000,41.1120,24.5935,17.9685
93.0000,41.3335,24.7305,18.0963
93.5000,41.5481,24.8462,18.1607
94.0000,41.7670,24.9644,18.2839
94.5000,41.9884,25.0844,18.3446
95.0000,42.2024,25.2040,18.4658
95.5000,42.4232,25.3184,18.5264
96.0000,42.6431,25.4406,18.6502
96.5000,42.8543,25.5677,18.7153
97.0000,43.0681,25.6921,18.8396
97.5000,43.2822,25.8197,18.9025
98.0000,43.4988,25.9541,19.0337
98.5000,43.7083,26.0991,19.1287
99.0000,43.9266,26.2203,19.2261
99.5000,44.1438,26.3402,19.3242
100.0000,44.3614,26.4539,19.4165
100.5000,44.5787,26.5706,19.5140
101.0000,44.7936,26.6827,19.6068
101.5000,45.0120,26.7978,19.7043
102.0000,45.2220,26.9193,19.7966
102.5000,45.4402,27.0461,19.8887
103.0000,45.6565,27.1767,19.9811
103.5000,45.8723,27.3201,20.1033
104.0000,46.0874,27.4380,20.1680
104.5000,46.3050,27.5504,20.2908
105.0000,46.5252,27.6706,20.3538
105.5000,46.7353,27.7924,20.4819
106.0000,46.9526,27.9132,20.5452
106.5000,47.1654,28.0350,20.6674
107.0000,47.3809,28.1528,20.7301
107.5000,47.5965,28.2741,20.8535
108.0000,47.8164,28.3900,20.9157
108.5000,48.0319,28.5295,21.0394
109.0000,48.2466,28.6482,21.1310
109.5000,48.4600,28.7674,21.2272
110.0000,48.6766,28.8927,21.3214
110.5000,48.8953,29.0124,21.4135
111.0000,49.1100,29.1376,21.5090
111.5000,49.3236,29.2558,21.5991
112.0000,49.5327,29.3720,21.6906
112.5000,49.7478,29.4832,21.7885
113.0000,49.9645,29.5937,21.8885
113.5000,50.1770,29.7296,21.9834
114.0000,50.3924,29.8446,22.1063
114.5000,50.6080,29.9688,22.1647
115.0000,50.8205,30.0929,22.2906
115.5000,51.0343,30.2173,22.3519
116.0000,51.2487,30.3426,22.4729
116.5000,51.4598,30.4663,22.5364
117.0000,51.6732,30.5928,22.6582
117.5000,51.8933,30.7170,22.7181
118.0000,52.1139,30.8410,22.8436
118.5000,52.3282,30.9626,22.9074
119.0000,52.5451,31.1045,23.0340
119.5000,52.7600,31.2227,23.1321
120.0000,52.9726,31.3316,23.2292
120.5000,53.1817,31.4393,23.3225
121.0000,53.3955,31.5518,23.4166
121.5000,53.6069,31.6641,23.5124
122.0000,53.8265,31.7824,23.6015
122.5000,54.0340,31.9024,23.6971
123.0000,54.2505,32.0268,23.7895
123.5000,54.4597,32.1504,23.8833
124.0000,54.6726,32.2912,23.9760
124.5000,54.8889,32.4175,24.1004
125.0000,55.1031,32.5396,24.1600
125.5000,55.3166,32.6563,24.2902
126.0000,55.5274,32.7720,24.3549
126.5000,55.7405,32.8947,24.4817
127.0000,55.9518,33.0099,24.5437
127.5000,56.1649,33.1192,24.6642
128.0000,56.3794,33.2253,24.7298
128.5000,56.5915,33.3392,24.8554
129.0000,56.8029,33.4735,24.9545
129.5000,57.0170,33.5950,25.0495
130.0000,57.2273,33.7162,25.1440
130.5000,57.4400,33.8336,25.2366
131.0000,57.6570,33.9583,25.3323
131.5000,57.8750,34.0749,25.4256
132.0000,58.0819,34.1934,25.5206
132.5000,58.2954,34.3071,25.6138
133.0000,58.5088,34.4272,25.7069
133.5000,58.7191,34.5425,25.8038
134.0000,58.9303,34.6847,25.9275
134.5000,59.1450,34.8015,25.9912
135.0000,59.3562,34.9216,26.1152
135.5000,59.5717,35.0331,26.1793
136.0000,59.7836,35.1428,26.3049
136.5000,59.9946,35.2587,26.3695
137.0000,60.2030,35.3777,26.4974
137.5000,60.4139,35.4986,26.5581
138.0000,60.6250,35.6182,26.6827
138.5000,60.8409,35.7309,26.7438
139.0000,61.0519,35.8428,26.8691
139.5000,61.2656,35.9778,26.9628
140.0000,61.4762,36.0957,27.0584
140.5000,61.6845,36.2057,27.1521
141.0000,61.8920,36.3261,27.2415
141.5000,62.0982,36.4422,27.3391
142.0000,62.3101,36.5587,27.4310
142.5000,62.5175,36.6785,27.5270
143.0000,62.7247,36.7977,27.6180
143.5000,62.9267,36.9143,27.7102
144.0000,63.1341,37.0260,27.7994
144.5000,63.3479,37.1644,27.9204
145.0000,63.5578,37.2874,27.9809
145.5000,63.7630,37.4097,28.1069
146.0000,63.9758,37.5301,28.1697
146.5000,64.1821,37.6390,28.2898
147.0000,64.3891,37.7452,28.3488
147.5000,64.6002,37.8480,28.4695
148.0000,64.8031,37.9519,28.5311
148.5000,65.0135,38.0677,28.6533
149.0000,65.2266,38.1835,28.7154
149.5000,65.4345,38.3249,28.8423
150.0000,65.6493,38.4477,28.9352
150.5000,65.8568,38.5758,29.0240
151.0000,66.0673,38.6913,29.1181
151.5000,66.2749,38.8067,29.2122
152.0000,66.4831,38.9263,29.3051
152.5000,66.6935,39.0486,29.3957
153.0000,66.9079,39.1713,29.4899
153.5000,67.1190,39.2854,29.5839
154.0000,67.3262,39.4005,29.6766
154.5000,67.5386,39.5301,29.7635
155.0000,67.7481,39.6434,29.8854
155.5000,67.9599,39.7514,29.9478
156.0000,68.1690,39.8572,30.0715
156.5000,68.3812,39.9708,30.1370
157.0000,68.5853,40.0788,30.2640
157.5000,68.7943,40.2016,30.3272
158.0000,69.0088,40.3143,30.4509
158.5000,69.2181,40.4273,30.5127
159.0000,69.4255,40.5461,30.6338
159.5000,69.6319,40.6595,30.6966
160.0000,69.8433,40.7951,30.8238
160.5000,70.0473,40.9039,30.9132
161.0000,70.2578,41.0182,31.0057
161.5000,70.4652,41.1348,31.1024
162.0000,70.6769,41.2461,31.1942
162.5000,70.8917,41.3569,31.2890
163.0000,71.0965,41.4712,31.3805
163.5000,71.3046,41.5829,31.4761
164.0000,71.5120,41.6986,31.5662
164.5000,71.7178,41.8047,31.6594
165.0000,71.9271,41.9403,31.7517
165.5000,72.1409,42.0587,31.8679
166.0000,72.3456,42.1778,31.9274
166.5000,72.5544,42.2924,32.0490
167.0000,72.7636,42.4048,32.1075
167.5000,72.9770,42.5185,32.2276
168.0000,73.1857,42.6290,32.2882
168.5000,73.3926,42.7392,32.4105
169.0000,73.5976,42.8532,32.4704
169.5000,73.8021,42.9656,32.5913
170.0000,74.0096,43.1009,32.6846
170.5000,74.2172,43.2140,32.7717
171.0000,74.4278,43.3350,32.8624
171.5000,74.6386,43.4585,32.9516
172.0000,74.8469,43.5789,33.0452
172.5000,75.0512,43.6900,33.1350
173.0000,75.2508,43.8050,33.2283
173.5000,75.4641,43.9112,33.3191
174.0000,75.6767,44.0180,33.4113
174.5000,75.8781,44.1308,33.5026
175.0000,76.0818,44.2644,33.6259
175.5000,76.2881,44.3770,33.6876
176.0000,76.4932,44.4857,33.8127
176.5000,76.6988,44.5946,33.8737
177.0000,76.9054,44.7031,33.9930
177.5000,77.1169,44.8200,34.0515
178.0000,77.3299,44.9376,34.1765
178.5000,77.5364,45.0560,34.2410
179.0000,77.7446,45.1773,34.3635
179.5000,77.9431,45.2970,34.4242
180.0000,78.1445,45.4161,34.5460
180.5000,78.3549,45.5495,34.6393
181.0000,78.5659,45.6532,34.7309
181.5000,78.7735,45.7600,34.8228
182.0000,78.9803,45.8686,34.9113
182.5000,79.1878,45.9738,35.0032
183.0000,79.3919,46.0853,35.0905
183.5000,79.5942,46.1956,35.1789
184.0000,79.7979,46.3067,35.2694
184.5000,80.0061,46.4217,35.3644
185.0000,80.2066,46.5308,35.4537
185.5000,80.4150,46.6700,35.5756
186.0000,80.6217,46.7879,35.6379
186.5000,80.8255,46.9073,35.7587
187.0000,81.0337,47.0231,35.8180
187.5000,81.2388,47.1394,35.9364
188.0000,81.4502,47.2545,35.9977
188.5000,81.6586,47.3623,36.1200
189.0000,81.8681,47.4699,36.1825
189.5000,82.0774,47.5740,36.3012
190.0000,82.2847,47.6779,36.3622
190.5000,82.4930,47.8099,36.4876
191.0000,82.6987,47.9186,36.5800
191.5000,82.9034,48.0275,36.6704
192.0000,83.1074,48.1448,36.7622
192.5000,83.3181,48.2618,36.8506
193.0000,83.5247,48.3722,36.9407
193.5000,83.7367,48.4832,37.0295
194.0000,83.9402,48.5966,37.1178
194.5000,84.1418,48.7111,37.2036
195.0000,84.3464,48.8210,37.2957
195.5000,84.5607,48.9526,37.3835
196.0000,84.7667,49.0636,37.5016
196.5000,84.9726,49.1758,37.5622
197.0000,85.1828,49.2869,37.6816
197.5000,85.3908,49.3972,37.7443
198.0000,85.5995,49.5106,37.8651
198.5000,85.8005,49.6229,37.9232
199.0000,86.0075,49.7304,38.0460
199.5000,86.2120,49.8386,38.1073
200.0000,86.4200,49.9475,38.2234
200.5000,86.6308,50.0600,38.2864
201.0000,86.8382,50.1925,38.3979
201.5000,87.0485,50.2988,38.4871
202.0000,87.2579,50.4114,38.5770
202.5000,87.4640,50.5217,38.6715
203.0000,87.6738,50.6291,38.7615
203.5000,87.8813,50.7385,38.8496
204.0000,88.0873,50.8494,38.9403
204.5000,88.2944,50.9606,39.0309
205.0000,88.5025,51.0716,39.1151
205.5000,88.7108,51.1787,39.2064
206.0000,88.9199,51.3107,39.2936
206.5000,89.1293,51.4213,39.4172
207.0000,89.3312,51.5307,39.4782
207.5000,89.5344,51.6370,39.5980
208.0000,89.7444,51.7531,39.6585
208.5000,89.9532,51.8634,39.7765
209.0000,90.1582,51.9757,39.8391
209.5000,90.3638,52.0838,39.9575
210.0000,90.5722,52.1937,40.0196
210.5000,90.7732,52.2976,40.1392
211.0000,90.9811,52.4263,40.2313
211.5000,91.1939,52.5371,40.3175
212.0000,91.4019,52.6507,40.4073
212.5000,91.6043,52.7683,40.4950
213.0000,91.8078,52.8809,40.5834
213.5000,92.0171,52.9959,40.6714
214.0000,92.2233,53.1061,40.7679
214.5000,92.4319,53.2191,40.8574
215.0000,92.6380,53.3235,40.9523
215.5000,92.8477,53.4261,41.0386
216.0000,93.0507,53.5482,41.1564
216.5000,93.2547,53.6588,41.2145
217.0000,93.4659,53.7715,41.3351
217.5000,93.6759,53.8834,41.3970
218.0000,93.8807,53.9906,41.5174
218.5000,94.0857,54.0991,41.5786
219.0000,94.2932,54.2053,41.6975
219.5000,94.4929,54.3189,41.7589
220.0000,94.7018,54.4360,41.8737
220.5000,94.9083,54.5464,41.9316
221.0000,95.1158,54.6558,42.0476
221.5000,95.3257,54.7835,42.1413
222.0000,95.5365,54.8904,42.2324
222.5000,95.7490,55.0010,42.3269
223.0000,95.9562,55.1069,42.4153
223.5000,96.1663,55.2137,42.5015
224.0000,96.3726,55.3214,42.5888
224.5000,96.5820,55.4317,42.6800
225.0000,96.7905,55.5408,42.7695
225.5000,96.9994,55.6538,42.8599
226.0000,97.2096,55.7621,42.9478
226.5000,97.4183,55.8884,43.0694
227.0000,97.6291,55.9988,43.1263
227.5000,97.8397,56.1107,43.2458
228.0000,98.0481,56.2242,43.3055
228.5000,98.2543,56.3321,43.4231
229.0000,98.4579,56.4418,43.4799
229.5000,98.6585,56.5529,43.5958
230.0000,98.8548,56.6599,43.6546
230.5000,99.0410,56.7691,43.7717
231.0000,99.2153,56.8777,43.8311
231.5000,99.3767,57.0017,43.9503
232.0000,99.5159,57.1124,44.0413
232.5000,99.6368,57.2199,44.1271
233.0000,99.7355,57.3246,44.2174
233.5000,99.8137,57.4344,44.3020
234.0000,99.8739,57.5490,44.3929
234.5000,99.9174,57.6603,44.4824
235.0000,99.9469,57.7650,44.5726
235.5000,99.9692,57.8745,44.6573
236.0000,99.9835,57.9873,44.7445
236.5000,99.9922,58.1152,44.8273
237.0000,99.9964,58.2253,44.9419
237.5000,99.9984,58.3283,45.0011
238.0000,99.9993,58.4325,45.1174
238.5000,99.9996,58.5363,45.1778
239.0000,99.9999,58.6451,45.2959
239.5000,100.0000,58.7578,45.3569
240.0000,100.0000,58.8682,45.4806
240.5000,100.0000,58.9802,45.5373
241.0000,100.0000,59.0926,45.6562
241.5000,100.0000,59.2075,45.7107
242.0000,100.0000,59.3404,45.8238
242.5000,100.0000,59.4453,45.9093
243.0000,100.0000,59.5524,45.9904
243.5000,100.0000,59.6560,46.0804
244.0000,100.0000,59.7717,46.1635
244.5000,100.0000,59.8877,46.2500
245.0000,100.0000,59.9991,46.3320
245.5000,100.0000,60.1040,46.4225
246.0000,100.0000,60.2043,46.5087
246.5000,100.0000,60.3069,46.5948
247.0000,100.0000,60.4341,46.6826
247.5000,100.0000,60.5414,46.7986
248.0000,100.0000,60.6505,46.8562
248.5000,100.0000,60.7594,46.9689
249.0000,100.0000,60.8654,47.0317
249.5000,100.0000,60.9689,47.1505
250.0000,100.0000,61.0754,47.2081
250.5000,100.0000,61.1885,47.3290
251.0000,100.0000,61.3015,47.3897
251.5000,100.0000,61.4203,47.5054
252.0000,100.0000,61.5511,47.5961
252.5000,100.0000,61.6658,47.6831
253.0000,100.0000,61.7707,47.7772
253.5000,100.0000,61.8764,47.8601
254.0000,100.0000,61.9795,47.9530
254.5000,100.0000,62.0872,48.0411
255.0000,100.0000,62.1972,48.1342
255.5000,100.0000,62.3070,48.2195
256.0000,100.0000,62.4117,48.3116
256.5000,100.0000,62.5242,48.3959
257.0000,100.0000,62.6444,48.5108
257.5000,100.0000,62.7538,48.5686
258.0000,100.0000,62.8592,48.6828
258.5000,100.0000,62.9649,48.7407
259.0000,100.0000,63.0750,48.8554
259.5000,100.0000,63.1895,48.9117
260.0000,100.0000,63.3011,49.0307
260.5000,100.0000,63.4112,49.0908
261.0000,100.0000,63.5213,49.2064
261.5000,100.0000,63.6302,49.2633
262.0000,100.0000,63.7331,49.3777
262.5000,100.0000,63.8460,49.4649
263.0000,100.0000,63.9512,49.5470
263.5000,100.0000,64.0525,49.6404
264.0000,100.0000,64.1664,49.7233
264.5000,100.0000,64.2706,49.8150
265.0000,100.0000,64.3797,49.8997
265.5000,100.0000,64.4827,49.9874
266.0000,100.0000,64.5914,50.0702
266.5000,100.0000,64.7005,50.1594
267.0000,100.0000,64.8080,50.2416
267.5000,100.0000,64.9380,50.3588
268.0000,100.0000,65.0477,50.4129
268.5000,100.0000,65.1554,50.5219
269.0000,100.0000,65.2561,50.5802
269.5000,100.0000,65.3578,50.7004
270.0000,100.0000,65.4549,50.7566
270.5000,100.0000,65.5585,50.8702
271.0000,100.0000,65.6607,50.9265
271.5000,100.0000,65.7713,51.0393
272.0000,100.0000,65.8812,51.0980
272.5000,100.0000,66.0115,51.2164
273.0000,100.0000,66.1150,51.3075
273.5000,100.0000,66.2302,51.3880
274.0000,100.0000,66.3446,51.4737
274.5000,100.0000,66.4564,51.5531
275.0000,100.0000,66.5673,51.6422
275.5000,100.0000,66.6762,51.7259
276.0000,100.0000,66.7862,51.8124
276.5000,100.0000,66.8984,51.8960
277.0000,100.0000,67.0039,51.9863
277.5000,100.0000,67.1196,52.0688
278.0000,100.0000,67.2185,52.1839
278.5000,100.0000,67.3215,52.2386
279.0000,100.0000,67.4243,52.3487
279.5000,100.0000,67.5318,52.4062
280.0000,100.0000,67.6373,52.5200
280.5000,100.0000,67.7466,52.5788
281.0000,100.0000,67.8580,52.6980
281.5000,100.0000,67.9741,52.7535
282.0000,100.0000,68.0892,52.8688
282.5000,100.0000,68.2025,52.9248
283.0000,100.0000,68.3255,53.0431
283.5000,100.0000,68.4297,53.1296
284.0000,100.0000,68.5392,53.2131
284.5000,100.0000,68.6480,53.2997
285.0000,100.0000,68.7510,53.3798
285.5000,100.0000,68.8528,53.4687
286.0000,100.0000,68.9513,53.5493
286.5000,100.0000,69.0523,53.6406
287.0000,100.0000,69.1609,53.7243
287.5000,100.0000,69.2706,53.8109
288.0000,100.0000,69.4004,53.8904
288.5000,100.0000,69.5099,54.0023
289.0000,100.0000,69.6257,54.0603
289.5000,100.0000,69.7341,54.1670
290.0000,100.0000,69.8447,54.2236
290.5000,100.0000,69.9553,54.3320
291.0000,100.0000,70.0639,54.3895
291.5000,100.0000,70.1655,54.5053
292.0000,100.0000,70.2708,54.5598
292.5000,100.0000,70.3754,54.6706
293.0000,100.0000,70.4926,54.7606
293.5000,100.0000,70.5932,54.8406
294.0000,100.0000,70.6897,54.9262
294.5000,100.0000,70.7951,55.0061
295.0000,100.0000,70.8998,55.0916
295.5000,100.0000,71.0109,55.1658
296.0000,100.0000,71.1207,55.2534
296.5000,100.0000,71.2280,55.3294
297.0000,100.0000,71.3384,55.4186
297.5000,100.0000,71.4424,55.5013
298.0000,100.0000,71.5725,55.6168
298.5000,100.0000,71.6839,55.6722
299.0000,100.0000,71.7944,55.7831
299.5000,100.0000,71.9025,55.8372
300.0000,100.0000,72.0071,55.9494
300.5000,100.0000,72.1089,56.0043
301.0000,100.0000,72.2101,56.1108
301.5000,100.0000,72.3115,56.1656
302.0000,100.0000,72.4125,56.2789
302.5000,100.0000,72.5181,56.3370
303.0000,100.0000,72.6226,56.4467
303.5000,100.0000,72.7440,56.5329
304.0000,100.0000,72.8486,56.6127
304.5000,100.0000,72.9569,56.6998
305.0000,100.0000,73.0630,56.7789
305.5000,100.0000,73.1648,56.8681
306.0000,100.0000,73.2735,56.9461
306.5000,100.0000,73.3837,57.0346
307.0000,100.0000,73.4969,57.1133
307.5000,100.0000,73.6066,57.1994
308.0000,100.0000,73.7208,57.2780
308.5000,100.0000,73.8415,57.3912
309.0000,100.0000,73.9418,57.4444
309.5000,100.0000,74.0468,57.5532
310.0000,100.0000,74.1512,57.6070
310.5000,100.0000,74.2567,57.7172
311.0000,100.0000,74.3614,57.7702
311.5000,100.0000,74.4651,57.8814
312.0000,100.0000,74.5649,57.9385
312.5000,100.0000,74.6733,58.0504
313.0000,100.0000,74.7823,58.1072
313.5000,100.0000,74.9050,58.2173
314.0000,100.0000,75.0124,58.3035
314.5000,100.0000,75.1169,58.3790
315.0000,100.0000,75.2255,58.4614
315.5000,100.0000,75.3387,58.5394
316.0000,100.0000,75.4493,58.6238
316.5000,100.0000,75.5533,58.6969
317.0000,100.0000,75.6530,58.7840
317.5000,100.0000,75.7532,58.8626
318.0000,100.0000,75.8579,58.9475
318.5000,100.0000,75.9841,59.0269
319.0000,100.0000,76.0894,59.1339
319.5000,100.0000,76.1916,59.1861
320.0000,100.0000,76.2960,59.2944
320.5000,100.0000,76.4060,59.3478
321.0000,100.0000,76.5117,59.4550
321.5000,100.0000,76.6170,59.5102
322.0000,100.0000,76.7210,59.6148
322.5000,100.0000,76.8294,59.6682
323.0000,100.0000,76.9404,59.7779
323.5000,100.0000,77.0532,59.8300
324.0000,100.0000,77.1813,59.9401
324.5000,100.0000,77.2930,60.0269
325.0000,100.0000,77.3989,60.1015
325.5000,100.0000,77.5069,60.1845
326.0000,100.0000,77.6105,60.2598
326.5000,100.0000,77.7151,60.3453
327.0000,100.0000,77.8175,60.4161
327.5000,100.0000,77.9226,60.5017
328.0000,100.0000,78.0342,60.5778
328.5000,100.0000,78.1416,60.6637
329.0000,100.0000,78.2663,60.7357
329.5000,100.0000,78.3691,60.8445
330.0000,100.0000,78.4694,60.8966
330.5000,100.0000,78.5746,61.0050
331.0000,100.0000,78.6770,61.0606
331.5000,100.0000,78.7811,61.1650
332.0000,100.0000,78.8873,61.2127
332.5000,100.0000,78.9931,61.3165
333.0000,100.0000,79.1023,61.3704
333.5000,100.0000,79.2126,61.4774
334.0000,100.0000,79.3412,61.5624
334.5000,100.0000,79.4443,61.6375
335.0000,100.0000,79.5454,61.7217
335.5000,100.0000,79.6516,61.7942
336.0000,100.0000,79.7559,61.8769
336.5000,100.0000,79.8615,61.9502
337.0000,100.0000,79.9727,62.0362
337.5000,100.0000,80.0781,62.1137
338.0000,100.0000,80.1833,62.1983
338.5000,100.0000,80.2899,62.2731
339.0000,100.0000,80.4122,62.3794
339.5000,100.0000,80.5188,62.4316
340.0000,100.0000,80.6272,62.5358
340.5000,100.0000,80.7397,62.5881
341.0000,100.0000,80.8456,62.6929
341.5000,100.0000,80.9555,62.7461
342.0000,100.0000,81.0643,62.8527
342.5000,100.0000,81.1693,62.9042
343.0000,100.0000,81.2694,63.0078
343.5000,100.0000,81.3696,63.0577
344.0000,100.0000,81.4699,63.1606
344.5000,100.0000,81.5901,63.2409
345.0000,100.0000,81.6987,63.3150
345.5000,100.0000,81.8065,63.3995
346.0000,100.0000,81.9176,63.4741
346.5000,100.0000,82.0229,63.5583
347.0000,100.0000,82.1362,63.6328
347.5000,100.0000,82.2467,63.7152
348.0000,100.0000,82.3572,63.7868
348.5000,100.0000,82.4682,63.8721
349.0000,100.0000,82.5813,63.9425
349.5000,100.0000,82.7082,64.0505
350.0000,100.0000,82.8102,64.1040
350.5000,100.0000,82.9114,64.2071
351.0000,100.0000,83.0163,64.2598
351.5000,100.0000,83.1176,64.3632
352.0000,100.0000,83.2214,64.4127
352.5000,100.0000,83.3298,64.5118
353.0000,100.0000,83.4310,64.5628
353.5000,100.0000,83.5405,64.6582
354.0000,100.0000,83.6451,64.7078
354.5000,100.0000,83.7753,64.8049
355.0000,100.0000,83.8804,64.8902
355.5000,100.0000,83.9906,64.9619
356.0000,100.0000,84.1058,65.0438
356.5000,100.0000,84.2145,65.1153
357.0000,100.0000,84.3231,65.1961
357.5000,100.0000,84.4305,65.2696
358.0000,100.0000,84.5354,65.3503
358.5000,100.0000,84.6343,65.4213
359.0000,100.0000,84.7389,65.5004
359.5000,100.0000,84.8623,65.5756
360.0000,100.0000,84.9695,65.6780
360.5000,100.0000,85.0756,65.7265
361.0000,100.0000,85.1814,65.8245
361.5000,100.0000,85.2881,65.8739
362.0000,100.0000,85.3952,65.9705
362.5000,100.0000,85.4998,66.0198
363.0000,100.0000,85.6030,66.1157
363.5000,100.0000,85.7106,66.1661
364.0000,100.0000,85.8163,66.2631
364.5000,100.0000,85.9286,66.3156
365.0000,100.0000,86.0533,66.4098
365.5000,100.0000,86.1644,66.4899
366.0000,100.0000,86.2717,66.5521
366.5000,100.0000,86.3739,66.6298
367.0000,100.0000,86.4801,66.6880
367.5000,100.0000,86.5881,66.7657
368.0000,100.0000,86.6963,66.8241
368.5000,100.0000,86.8100,66.9009
369.0000,100.0000,86.9179,66.9579
369.5000,100.0000,87.0262,67.0303
370.0000,100.0000,87.1490,67.0889
370.5000,100.0000,87.2529,67.1731
371.0000,100.0000,87.3635,67.2119
371.5000,100.0000,87.4706,67.2960
372.0000,100.0000,87.5819,67.3362
372.5000,100.0000,87.6877,67.4226
373.0000,100.0000,87.8006,67.4621
373.5000,100.0000,87.9069,67.5406
374.0000,100.0000,88.0124,67.5845
374.5000,100.0000,88.1188,67.6671
375.0000,100.0000,88.2467,67.7363
375.5000,100.0000,88.3547,67.7855
376.0000,100.0000,88.4605,67.8545
376.5000,100.0000,88.5815,67.8996
377.0000,100.0000,88.6929,67.9658
377.5000,100.0000,88.8087,68.0120
378.0000,100.0000,88.9182,68.0805
378.5000,100.0000,89.0246,68.1242
379.0000,100.0000,89.1357,68.1950
379.5000,100.0000,89.2431,68.2411
380.0000,100.0000,89.3674,68.3120
380.5000,100.0000,89.4720,68.3497
381.0000,100.0000,89.5813,68.4196
381.5000,100.0000,89.6927,68.4561
382.0000,100.0000,89.8034,68.5286
382.5000,100.0000,89.9113,68.5628
383.0000,100.0000,90.0257,68.6280
383.5000,100.0000,90.1364,68.6609
384.0000,100.0000,90.2505,68.7281
384.5000,100.0000,90.3622,68.7622
385.0000,100.0000,90.4710,68.8275
385.5000,100.0000,90.5963,68.8931
386.0000,100.0000,90.7055,68.9281
386.5000,100.0000,90.8162,68.9938
387.0000,100.0000,90.9327,69.0272
387.5000,100.0000,91.0452,69.0907
388.0000,100.0000,91.1513,69.1254
388.5000,100.0000,91.2604,69.1901
389.0000,100.0000,91.3691,69.2238
389.5000,100.0000,91.4789,69.2839
390.0000,100.0000,91.5923,69.3155
390.5000,100.0000,91.7233,69.3761
391.0000,100.0000,91.8296,69.4040
391.5000,100.0000,91.9382,69.4648
392.0000,100.0000,92.0497,69.4926
392.5000,100.0000,92.1620,69.5561
393.0000,100.0000,92.2697,69.5876
393.5000,100.0000,92.3833,69.6529
394.0000,100.0000,92.4938,69.6847
394.5000,100.0000,92.6072,69.7467
395.0000,100.0000,92.7253,69.7776
395.5000,100.0000,92.8556,69.8402
396.0000,100.0000,92.9639,69.9034
396.5000,100.0000,93.0809,69.9345
397.0000,100.0000,93.1896,69.9972
397.5000,100.0000,93.2995,70.0270
398.0000,100.0000,93.4138,70.0873
398.5000,100.0000,93.5264,70.1182
399.0000,100.0000,93.6405,70.1808
399.5000,100.0000,93.7598,70.2095
400.0000,100.0000,93.8706,70.2684
400.5000,100.0000,94.0019,70.3002
401.0000,100.0000,94.1177,70.3581
401.5000,100.0000,94.2368,70.3906
402.0000,100.0000,94.3519,70.4536
402.5000,100.0000,94.4684,70.4842
403.0000,100.0000,94.5833,70.5433
403.5000,100.0000,94.7070,70.5722
404.0000,100.0000,94.8262,70.6329
404.5000,100.0000,94.9453,70.6635
405.0000,100.0000,95.0663,70.7262
405.5000,100.0000,95.1876,70.7588
406.0000,100.0000,95.3300,70.8211
406.5000,100.0000,95.4577,70.8813
407.0000,100.0000,95.5791,70.9118
407.5000,100.0000,95.6959,70.9751
408.0000,100.0000,95.8167,71.0043
408.5000,100.0000,95.9476,71.0661
409.0000,100.0000,96.0737,71.0970
409.5000,100.0000,96.1990,71.1558
410.0000,100.0000,96.3251,71.1882
410.5000,100.0000,96.4547,71.2515
411.0000,100.0000,96.6106,71.2823
411.5000,100.0000,96.7457,71.3445
412.0000,100.0000,96.8797,71.3746
412.5000,100.0000,97.0125,71.4377
413.0000,100.0000,97.1414,71.4677
413.5000,100.0000,97.2763,71.5304
414.0000,100.0000,97.4049,71.5603
414.5000,100.0000,97.5354,71.6182
415.0000,100.0000,97.6628,71.6491
415.5000,100.0000,97.7915,71.7089
416.0000,100.0000,97.9343,71.7694
416.5000,100.0000,98.0560,71.7980
417.0000,100.0000,98.1796,71.8575
417.5000,100.0000,98.2984,71.8885
418.0000,100.0000,98.4135,71.9478
418.5000,100.0000,98.5270,71.9779
419.0000,100.0000,98.6345,72.0410
419.5000,100.0000,98.7355,72.0698
420.0000,100.0000,98.8373,72.1290
420.5000,100.0000,98.9366,72.1598
421.0000,100.0000,99.0470,72.2196
421.5000,100.0000,99.1385,72.2515
422.0000,100.0000,99.2252,72.3101
422.5000,100.0000,99.3024,72.3396
423.0000,100.0000,99.3747,72.4019
423.5000,100.0000,99.4441,72.4340
424.0000,100.0000,99.5099,72.4957
424.5000,100.0000,99.5666,72.5271
425.0000,100.0000,99.6168,72.5890
425.5000,100.0000,99.6675,72.6201
426.0000,100.0000,99.7100,72.6788
426.5000,100.0000,99.7538,72.7421
427.0000,100.0000,99.7843,72.7686
427.5000,100.0000,99.8120,72.8266
428.0000,100.0000,99.8405,72.8560
428.5000,100.0000,99.8659,72.9163
429.0000,100.0000,99.8831,72.9466
429.5000,100.0000,99.9015,73.0094
430.0000,100.0000,99.9167,73.0411
430.5000,100.0000,99.9300,73.1016
431.0000,100.0000,99.9425,73.1309
431.5000,100.0000,99.9549,73.1911
432.0000,100.0000,99.9624,73.2213
432.5000,100.0000,99.9685,73.2778
433.0000,100.0000,99.9736,73.3061
433.5000,100.0000,99.9768,73.3646
434.0000,100.0000,99.9806,73.3929
434.5000,100.0000,99.9831,73.4542
435.0000,100.0000,99.9857,73.4851
435.5000,100.0000,99.9891,73.5431
436.0000,100.0000,99.9906,73.5753
436.5000,100.0000,99.9929,73.6343
437.0000,100.0000,99.9943,73.6930
437.5000,100.0000,99.9958,73.7224
438.0000,100.0000,99.9970,73.7857
438.5000,100.0000,99.9975,73.8163
439.0000,100.0000,99.9978,73.8758
439.5000,100.0000,99.9984,73.9074
440.0000,100.0000,99.9986,73.9648
440.5000,100.0000,99.9988,73.9924
441.0000,100.0000,99.9990,74.0517
441.5000,100.0000,99.9992,74.0808
442.0000,100.0000,99.9992,74.1396
442.5000,100.0000,99.9995,74.1709
443.0000,100.0000,99.9997,74.2305
443.5000,100.0000,99.9998,74.2592
444.0000,100.0000,99.9998,74.3182
444.5000,100.0000,99.9998,74.3483
445.0000,100.0000,99.9998,74.4087
445.5000,100.0000,99.9998,74.4406
446.0000,100.0000,99.9998,74.5030
446.5000,100.0000,99.9998,74.5321
447.0000,100.0000,99.9999,74.5928
447.5000,100.0000,99.9999,74.6529
448.0000,100.0000,100.0000,74.6846
448.5000,100.0000,100.0000,74.7472
449.0000,100.0000,100.0000,74.7773
449.5000,100.0000,100.0000,74.8370
450.0000,100.0000,100.0000,74.8669
450.5000,100.0000,100.0000,74.9272
451.0000,100.0000,100.0000,74.9556
451.5000,100.0000,100.0000,75.0157
452.0000,100.0000,100.0000,75.0440
452.5000,100.0000,100.0000,75.1031
453.0000,100.0000,100.0000,75.1346
453.5000,100.0000,100.0000,75.1975
454.0000,100.0000,100.0000,75.2267
454.5000,100.0000,100.0000,75.2871
455.0000,100.0000,100.0000,75.3153
455.5000,100.0000,100.0000,75.3737
456.0000,100.0000,100.0000,75.4037
456.5000,100.0000,100.0000,75.4649
457.0000,100.0000,100.0000,75.5257
457.5000,100.0000,100.0000,75.5558
458.0000,100.0000,100.0000,75.6184
458.5000,100.0000,100.0000,75.6480
459.0000,100.0000,100.0000,75.7078
459.5000,100.0000,100.0000,75.7390
460.0000,100.0000,100.0000,75.7960
460.5000,100.0000,100.0000,75.8258
461.0000,100.0000,100.0000,75.8853
461.5000,100.0000,100.0000,75.9165
462.0000,100.0000,100.0000,75.9785
462.5000,100.0000,100.0000,76.0085
463.0000,100.0000,100.0000,76.0672
463.5000,100.0000,100.0000,76.0961
464.0000,100.0000,100.0000,76.1553
464.5000,100.0000,100.0000,76.1837
465.0000,100.0000,100.0000,76.2428
465.5000,100.0000,100.0000,76.2724
466.0000,100.0000,100.0000,76.3318
466.5000,100.0000,100.0000,76.3618
467.0000,100.0000,100.0000,76.4193
467.5000,100.0000,100.0000,76.4786
468.0000,100.0000,100.0000,76.5077
468.5000,100.0000,100.0000,76.5657
469.0000,100.0000,100.0000,76.5952
469.5000,100.0000,100.0000,76.6549
470.0000,100.0000,100.0000,76.6838
470.5000,100.0000,100.0000,76.7435
471.0000,100.0000,100.0000,76.7736
471.5000,100.0000,100.0000,76.8344
472.0000,100.0000,100.0000,76.8654
472.5000,100.0000,100.0000,76.9230
473.0000,100.0000,100.0000,76.9546
473.5000,100.0000,100.0000,77.0162
474.0000,100.0000,100.0000,77.0444
474.5000,100.0000,100.0000,77.1083
475.0000,100.0000,100.0000,77.1381
475.5000,100.0000,100.0000,77.1969
476.0000,100.0000,100.0000,77.2271
476.5000,100.0000,100.0000,77.2868
477.0000,100.0000,100.0000,77.3153
477.5000,100.0000,100.0000,77.3734
478.0000,100.0000,100.0000,77.4320
478.5000,100.0000,100.0000,77.4610
479.0000,100.0000,100.0000,77.5187
479.5000,100.0000,100.0000,77.5460
480.0000,100.0000,100.0000,77.6052
480.5000,100.0000,100.0000,77.6341
481.0000,100.0000,100.0000,77.6924
481.5000,100.0000,100.0000,77.7207
482.0000,100.0000,100.0000,77.7813
482.5000,100.0000,100.0000,77.8120
483.0000,100.0000,100.0000,77.8678
483.5000,100.0000,100.0000,77.8957
484.0000,100.0000,100.0000,77.9521
484.5000,100.0000,100.0000,77.9792
485.0000,100.0000,100.0000,78.0358
485.5000,100.0000,100.0000,78.0674
486.0000,100.0000,100.0000,78.1265
486.5000,100.0000,100.0000,78.1572
487.0000,100.0000,100.0000,78.2137
487.5000,100.0000,100.0000,78.2435
488.0000,100.0000,100.0000,78.3023
488.5000,100.0000,100.0000,78.3610
489.0000,100.0000,100.0000,78.3899
489.5000,100.0000,100.0000,78.4520
490.0000,100.0000,100.0000,78.4829
490.5000,100.0000,100.0000,78.5451
491.0000,100.0000,100.0000,78.5758
491.5000,100.0000,100.0000,78.6360
492.0000,100.0000,100.0000,78.6674
492.5000,100.0000,100.0000,78.7257
493.0000,100.0000,100.0000,78.7531
493.5000,100.0000,100.0000,78.8108
494.0000,100.0000,100.0000,78.8407
494.5000,100.0000,100.0000,78.9004
495.0000,100.0000,100.0000,78.9293
495.5000,100.0000,100.0000,78.9856
496.0000,100.0000,100.0000,79.0120
496.5000,100.0000,100.0000,79.0729
497.0000,100.0000,100.0000,79.1016
497.5000,100.0000,100.0000,79.1606
498.0000,100.0000,100.0000,79.2159
498.5000,100.0000,100.0000,79.2461
499.0000,100.0000,100.0000,79.3065
499.5000,100.0000,100.0000,79.3352
500.0000,100.0000,100.0000,79.3908
500.5000,100.0000,100.0000,79.4205
501.0000,100.0000,100.0000,79.4810
501.5000,100.0000,100.0000,79.5097
502.0000,100.0000,100.0000,79.5683
502.5000,100.0000,100.0000,79.5967
503.0000,100.0000,100.0000,79.6550
503.5000,100.0000,100.0000,79.6838
504.0000,100.0000,100.0000,79.7404
504.5000,100.0000,100.0000,79.7707
505.0000,100.0000,100.0000,79.8326
505.5000,100.0000,100.0000,79.8637
506.0000,100.0000,100.0000,79.9211
506.5000,100.0000,100.0000,79.9520
507.0000,100.0000,100.0000,80.0085
507.5000,100.0000,100.0000,80.0360
508.0000,100.0000,100.0000,80.0940
508.5000,100.0000,100.0000,80.1551
509.0000,100.0000,100.0000,80.1877
509.5000,100.0000,100.0000,80.2461
510.0000,100.0000,100.0000,80.2730
510.5000,100.0000,100.0000,80.3271
511.0000,100.0000,100.0000,80.3576
511.5000,100.0000,100.0000,80.4173
512.0000,100.0000,100.0000,80.4464
512.5000,100.0000,100.0000,80.5058
513.0000,100.0000,100.0000,80.5345
513.5000,100.0000,100.0000,80.5925
514.0000,100.0000,100.0000,80.6199
514.5000,100.0000,100.0000,80.6765
515.0000,100.0000,100.0000,80.7067
515.5000,100.0000,100.0000,80.7659
516.0000,100.0000,100.0000,80.7948
516.5000,100.0000,100.0000,80.8519
517.0000,100.0000,100.0000,80.8784
517.5000,100.0000,100.0000,80.9356
518.0000,100.0000,100.0000,80.9621
518.5000,100.0000,100.0000,81.0235
519.0000,100.0000,100.0000,81.0799
519.5000,100.0000,100.0000,81.1094
520.0000,100.0000,100.0000,81.1692
520.5000,100.0000,100.0000,81.1980
521.0000,100.0000,100.0000,81.2545
521.5000,100.0000,100.0000,81.2845
522.0000,100.0000,100.0000,81.3402
522.5000,100.0000,100.0000,81.3692
523.0000,100.0000,100.0000,81.4265
523.5000,100.0000,100.0000,81.4555
524.0000,100.0000,100.0000,81.5159
524.5000,100.0000,100.0000,81.5442
525.0000,100.0000,100.0000,81.6001
525.5000,100.0000,100.0000,81.6285
526.0000,100.0000,100.0000,81.6874
526.5000,100.0000,100.0000,81.7162
527.0000,100.0000,100.0000,81.7725
527.5000,100.0000,100.0000,81.8008
528.0000,100.0000,100.0000,81.8598
528.5000,100.0000,100.0000,81.8884
529.0000,100.0000,100.0000,81.9480
529.5000,100.0000,100.0000,82.0088
530.0000,100.0000,100.0000,82.0367
530.5000,100.0000,100.0000,82.0955
531.0000,100.0000,100.0000,82.1242
531.5000,100.0000,100.0000,82.1789
532.0000,100.0000,100.0000,82.2082
532.5000,100.0000,100.0000,82.2636
533.0000,100.0000,100.0000,82.2905
533.5000,100.0000,100.0000,82.3481
534.0000,100.0000,100.0000,82.3779
534.5000,100.0000,100.0000,82.4352
535.0000,100.0000,100.0000,82.4646
535.5000,100.0000,100.0000,82.5218
536.0000,100.0000,100.0000,82.5496
536.5000,100.0000,100.0000,82.6070
537.0000,100.0000,100.0000,82.6358
537.5000,100.0000,100.0000,82.6931
538.0000,100.0000,100.0000,82.7219
538.5000,100.0000,100.0000,82.7770
539.0000,100.0000,100.0000,82.8363
539.5000,100.0000,100.0000,82.8622
540.0000,100.0000,100.0000,82.9200
540.5000,100.0000,100.0000,82.9493
541.0000,100.0000,100.0000,83.0087
541.5000,100.0000,100.0000,83.0366
542.0000,100.0000,100.0000,83.0930
542.5000,100.0000,100.0000,83.1237
543.0000,100.0000,100.0000,83.1830
543.5000,100.0000,100.0000,83.2124
544.0000,100.0000,100.0000,83.2719
544.5000,100.0000,100.0000,83.2987
545.0000,100.0000,100.0000,83.3560
545.5000,100.0000,100.0000,83.3829
546.0000,100.0000,100.0000,83.4419
546.5000,100.0000,100.0000,83.4687
547.0000,100.0000,100.0000,83.5244
547.5000,100.0000,100.0000,83.5540
548.0000,100.0000,100.0000,83.6105
548.5000,100.0000,100.0000,83.6380
549.0000,100.0000,100.0000,83.6942
549.5000,100.0000,100.0000,83.7511
550.0000,100.0000,100.0000,83.7783
550.5000,100.0000,100.0000,83.8359
551.0000,100.0000,100.0000,83.8658
551.5000,100.0000,100.0000,83.9234
552.0000,100.0000,100.0000,83.9513
552.5000,100.0000,100.0000,84.0081
553.0000,100.0000,100.0000,84.0376
553.5000,100.0000,100.0000,84.0946
554.0000,100.0000,100.0000,84.1209
554.5000,100.0000,100.0000,84.1747
555.0000,100.0000,100.0000,84.2033
555.5000,100.0000,100.0000,84.2608
556.0000,100.0000,100.0000,84.2895
556.5000,100.0000,100.0000,84.3463
557.0000,100.0000,100.0000,84.3759
557.5000,100.0000,100.0000,84.4319
558.0000,100.0000,100.0000,84.4610
558.5000,100.0000,100.0000,84.5187
559.0000,100.0000,100.0000,84.5485
559.5000,100.0000,100.0000,84.6018
560.0000,100.0000,100.0000,84.6570
560.5000,100.0000,100.0000,84.6841
561.0000,100.0000,100.0000,84.7376
561.5000,100.0000,100.0000,84.7662
562.0000,100.0000,100.0000,84.8242
562.5000,100.0000,100.0000,84.8533
563.0000,100.0000,100.0000,84.9107
563.5000,100.0000,100.0000,84.9398
564.0000,100.0000,100.0000,84.9960
564.5000,100.0000,100.0000,85.0219
565.0000,100.0000,100.0000,85.0753
565.5000,100.0000,100.0000,85.1011
566.0000,100.0000,100.0000,85.1559
566.5000,100.0000,100.0000,85.1856
567.0000,100.0000,100.0000,85.2408
567.5000,100.0000,100.0000,85.2672
568.0000,100.0000,100.0000,85.3259
568.5000,100.0000,100.0000,85.3514
569.0000,100.0000,100.0000,85.4070
569.5000,100.0000,100.0000,85.4343
570.0000,100.0000,100.0000,85.4881
570.5000,100.0000,100.0000,85.5450
571.0000,100.0000,100.0000,85.5743
571.5000,100.0000,100.0000,85.6322
572.0000,100.0000,100.0000,85.6595
572.5000,100.0000,100.0000,85.7166
573.0000,100.0000,100.0000,85.7426
573.5000,100.0000,100.0000,85.7967
574.0000,100.0000,100.0000,85.8229
574.5000,100.0000,100.0000,85.8759
575.0000,100.0000,100.0000,85.9044
575.5000,100.0000,100.0000,85.9609
576.0000,100.0000,100.0000,85.9892
576.5000,100.0000,100.0000,86.0465
577.0000,100.0000,100.0000,86.0730
577.5000,100.0000,100.0000,86.1285
578.0000,100.0000,100.0000,86.1543
578.5000,100.0000,100.0000,86.2101
579.0000,100.0000,100.0000,86.2372
579.5000,100.0000,100.0000,86.2874
580.0000,100.0000,100.0000,86.3401
580.5000,100.0000,100.0000,86.3671
581.0000,100.0000,100.0000,86.4236
581.5000,100.0000,100.0000,86.4523
582.0000,100.0000,100.0000,86.5072
582.5000,100.0000,100.0000,86.5339
583.0000,100.0000,100.0000,86.5920
583.5000,100.0000,100.0000,86.6208
584.0000,100.0000,100.0000,86.6760
584.5000,100.0000,100.0000,86.7047
585.0000,100.0000,100.0000,86.7626
585.5000,100.0000,100.0000,86.7901
586.0000,100.0000,100.0000,86.8415
586.5000,100.0000,100.0000,86.8668
587.0000,100.0000,100.0000,86.9216
587.5000,100.0000,100.0000,86.9483
588.0000,100.0000,100.0000,87.0027
588.5000,100.0000,100.0000,87.0308
589.0000,100.0000,100.0000,87.0863
589.5000,100.0000,100.0000,87.1131
590.0000,100.0000,100.0000,87.1681
590.5000,100.0000,100.0000,87.2232
591.0000,100.0000,100.0000,87.2525
591.5000,100.0000,100.0000,87.3073
592.0000,100.0000,100.0000,87.3347
592.5000,100.0000,100.0000,87.3873
593.0000,100.0000,100.0000,87.4130
593.5000,100.0000,100.0000,87.4659
594.0000,100.0000,100.0000,87.4929
594.5000,100.0000,100.0000,87.5488
595.0000,100.0000,100.0000,87.5752
595.5000,100.0000,100.0000,87.6297
596.0000,100.0000,100.0000,87.6557
596.5000,100.0000,100.0000,87.7072
597.0000,100.0000,100.0000,87.7342
597.5000,100.0000,100.0000,87.7878
598.0000,100.0000,100.0000,87.8135
598.5000,100.0000,100.0000,87.8660
599.0000,100.0000,100.0000,87.8953
599.5000,100.0000,100.0000,87.9500
600.0000,100.0000,100.0000,87.9773
600.5000,100.0000,100.0000,88.0337
601.0000,100.0000,100.0000,88.0871
601.5000,100.0000,100.0000,88.1137
602.0000,100.0000,100.0000,88.1669
602.5000,100.0000,100.0000,88.1963
603.0000,100.0000,100.0000,88.2508
603.5000,100.0000,100.0000,88.2762
604.0000,100.0000,100.0000,88.3323
604.5000,100.0000,100.0000,88.3584
605.0000,100.0000,100.0000,88.4120
605.5000,100.0000,100.0000,88.4373
606.0000,100.0000,100.0000,88.4920
606.5000,100.0000,100.0000,88.5196
607.0000,100.0000,100.0000,88.5715
607.5000,100.0000,100.0000,88.5997
608.0000,100.0000,100.0000,88.6532
608.5000,100.0000,100.0000,88.6796
609.0000,100.0000,100.0000,88.7332
609.5000,100.0000,100.0000,88.7632
610.0000,100.0000,100.0000,88.8161
610.5000,100.0000,100.0000,88.8438
611.0000,100.0000,100.0000,88.9014
611.5000,100.0000,100.0000,88.9577
612.0000,100.0000,100.0000,88.9843
612.5000,100.0000,100.0000,89.0369
613.0000,100.0000,100.0000,89.0632
613.5000,100.0000,100.0000,89.1206
614.0000,100.0000,100.0000,89.1461
614.5000,100.0000,100.0000,89.2009
615.0000,100.0000,100.0000,89.2261
615.5000,100.0000,100.0000,89.2759
616.0000,100.0000,100.0000,89.3016
616.5000,100.0000,100.0000,89.3538
617.0000,100.0000,100.0000,89.3806
617.5000,100.0000,100.0000,89.4290
618.0000,100.0000,100.0000,89.4547
618.5000,100.0000,100.0000,89.5053
619.0000,100.0000,100.0000,89.5321
619.5000,100.0000,100.0000,89.5866
620.0000,100.0000,100.0000,89.6132
620.5000,100.0000,100.0000,89.6664
621.0000,100.0000,100.0000,89.7182
621.5000,100.0000,100.0000,89.7439
622.0000,100.0000,100.0000,89.7961
622.5000,100.0000,100.0000,89.8214
623.0000,100.0000,100.0000,89.8741
623.5000,100.0000,100.0000,89.9003
624.0000,100.0000,100.0000,89.9521
624.5000,100.0000,100.0000,89.9808
625.0000,100.0000,100.0000,90.0356
625.5000,100.0000,100.0000,90.0604
626.0000,100.0000,100.0000,90.1124
626.5000,100.0000,100.0000,90.1384
627.0000,100.0000,100.0000,90.1905
627.5000,100.0000,100.0000,90.2191
628.0000,100.0000,100.0000,90.2719
628.5000,100.0000,100.0000,90.2987
629.0000,100.0000,100.0000,90.3523
629.5000,100.0000,100.0000,90.3761
630.0000,100.0000,100.0000,90.4261
630.5000,100.0000,100.0000,90.4511
631.0000,100.0000,100.0000,90.5060
631.5000,100.0000,100.0000,90.5555
632.0000,100.0000,100.0000,90.5798
632.5000,100.0000,100.0000,90.6308
633.0000,100.0000,100.0000,90.6577
633.5000,100.0000,100.0000,90.7054
634.0000,100.0000,100.0000,90.7327
634.5000,100.0000,100.0000,90.7894
635.0000,100.0000,100.0000,90.8168
635.5000,100.0000,100.0000,90.8700
636.0000,100.0000,100.0000,90.8972
636.5000,100.0000,100.0000,90.9498
637.0000,100.0000,100.0000,90.9756
637.5000,100.0000,100.0000,91.0261
638.0000,100.0000,100.0000,91.0514
638.5000,100.0000,100.0000,91.1033
639.0000,100.0000,100.0000,91.1298
639.5000,100.0000,100.0000,91.1831
640.0000,100.0000,100.0000,91.2103
640.5000,100.0000,100.0000,91.2605
641.0000,100.0000,100.0000,91.2863
641.5000,100.0000,100.0000,91.3370
642.0000,100.0000,100.0000,91.3909
642.5000,100.0000,100.0000,91.4181
643.0000,100.0000,100.0000,91.4699
643.5000,100.0000,100.0000,91.4954
644.0000,100.0000,100.0000,91.5457
644.5000,100.0000,100.0000,91.5715
645.0000,100.0000,100.0000,91.6246
645.5000,100.0000,100.0000,91.6522
646.0000,100.0000,100.0000,91.7029
646.5000,100.0000,100.0000,91.7295
647.0000,100.0000,100.0000,91.7781
647.5000,100.0000,100.0000,91.8038
648.0000,100.0000,100.0000,91.8545
648.5000,100.0000,100.0000,91.8797
649.0000,100.0000,100.0000,91.9271
649.5000,100.0000,100.0000,91.9529
650.0000,100.0000,100.0000,92.0048
650.5000,100.0000,100.0000,92.0299
651.0000,100.0000,100.0000,92.0788
651.5000,100.0000,100.0000,92.1049
652.0000,100.0000,100.0000,92.1575
652.5000,100.0000,100.0000,92.2070
653.0000,100.0000,100.0000,92.2315
653.5000,100.0000,100.0000,92.2800
654.0000,100.0000,100.0000,92.3063
654.5000,100.0000,100.0000,92.3569
655.0000,100.0000,100.0000,92.3821
655.5000,100.0000,100.0000,92.4317
656.0000,100.0000,100.0000,92.4581
656.5000,100.0000,100.0000,92.5073
657.0000,100.0000,100.0000,92.5337
657.5000,100.0000,100.0000,92.5873
658.0000,100.0000,100.0000,92.6120
658.5000,100.0000,100.0000,92.6631
659.0000,100.0000,100.0000,92.6871
659.5000,100.0000,100.0000,92.7376
660.0000,100.0000,100.0000,92.7617
660.5000,100.0000,100.0000,92.8094
661.0000,100.0000,100.0000,92.8344
661.5000,100.0000,100.0000,92.8845
662.0000,100.0000,100.0000,92.9365
662.5000,100.0000,100.0000,92.9604
663.0000,100.0000,100.0000,93.0121
663.5000,100.0000,100.0000,93.0376
664.0000,100.0000,100.0000,93.0855
664.5000,100.0000,100.0000,93.1124
665.0000,100.0000,100.0000,93.1610
665.5000,100.0000,100.0000,93.1867
666.0000,100.0000,100.0000,93.2345
666.5000,100.0000,100.0000,93.2578
667.0000,100.0000,100.0000,93.3072
667.5000,100.0000,100.0000,93.3335
668.0000,100.0000,100.0000,93.3830
668.5000,100.0000,100.0000,93.4075
669.0000,100.0000,100.0000,93.4566
669.5000,100.0000,100.0000,93.4808
670.0000,100.0000,100.0000,93.5298
670.5000,100.0000,100.0000,93.5535
671.0000,100.0000,100.0000,93.6015
671.5000,100.0000,100.0000,93.6271
672.0000,100.0000,100.0000,93.6763
672.5000,100.0000,100.0000,93.7249
673.0000,100.0000,100.0000,93.7493
673.5000,100.0000,100.0000,93.8011
674.0000,100.0000,100.0000,93.8248
674.5000,100.0000,100.0000,93.8756
675.0000,100.0000,100.0000,93.8988
675.5000,100.0000,100.0000,93.9480
676.0000,100.0000,100.0000,93.9714
676.5000,100.0000,100.0000,94.0210
677.0000,100.0000,100.0000,94.0438
677.5000,100.0000,100.0000,94.0929
678.0000,100.0000,100.0000,94.1145
678.5000,100.0000,100.0000,94.1629
679.0000,100.0000,100.0000,94.1869
679.5000,100.0000,100.0000,94.2344
680.0000,100.0000,100.0000,94.2585
680.5000,100.0000,100.0000,94.3071
681.0000,100.0000,100.0000,94.3292
681.5000,100.0000,100.0000,94.3757
682.0000,100.0000,100.0000,94.3988
682.5000,100.0000,100.0000,94.4478
683.0000,100.0000,100.0000,94.4966
683.5000,100.0000,100.0000,94.5228
684.0000,100.0000,100.0000,94.5741
684.5000,100.0000,100.0000,94.5970
685.0000,100.0000,100.0000,94.6424
685.5000,100.0000,100.0000,94.6649
686.0000,100.0000,100.0000,94.7086
686.5000,100.0000,100.0000,94.7333
687.0000,100.0000,100.0000,94.7826
687.5000,100.0000,100.0000,94.8053
688.0000,100.0000,100.0000,94.8551
688.5000,100.0000,100.0000,94.8800
689.0000,100.0000,100.0000,94.9278
689.5000,100.0000,100.0000,94.9511
690.0000,100.0000,100.0000,94.9949
690.5000,100.0000,100.0000,95.0220
691.0000,100.0000,100.0000,95.0703
691.5000,100.0000,100.0000,95.0943
692.0000,100.0000,100.0000,95.1402
692.5000,100.0000,100.0000,95.1625
693.0000,100.0000,100.0000,95.2102
693.5000,100.0000,100.0000,95.2599
694.0000,100.0000,100.0000,95.2839
694.5000,100.0000,100.0000,95.3315
695.0000,100.0000,100.0000,95.3531
695.5000,100.0000,100.0000,95.3976
696.0000,100.0000,100.0000,95.4218
696.5000,100.0000,100.0000,95.4710
697.0000,100.0000,100.0000,95.4947
697.5000,100.0000,100.0000,95.5426
698.0000,100.0000,100.0000,95.5663
698.5000,100.0000,100.0000,95.6160
699.0000,100.0000,100.0000,95.6397
699.5000,100.0000,100.0000,95.6875
700.0000,100.0000,100.0000,95.7110
700.5000,100.0000,100.0000,95.7552
701.0000,100.0000,100.0000,95.7772
701.5000,100.0000,100.0000,95.8250
702.0000,100.0000,100.0000,95.8503
702.5000,100.0000,100.0000,95.8973
703.0000,100.0000,100.0000,95.9433
703.5000,100.0000,100.0000,95.9663
704.0000,100.0000,100.0000,96.0145
704.5000,100.0000,100.0000,96.0383
705.0000,100.0000,100.0000,96.0831
705.5000,100.0000,100.0000,96.1066
706.0000,100.0000,100.0000,96.1537
706.5000,100.0000,100.0000,96.1742
707.0000,100.0000,100.0000,96.2188
707.5000,100.0000,100.0000,96.2422
708.0000,100.0000,100.0000,96.2891
708.5000,100.0000,100.0000,96.3111
709.0000,100.0000,100.0000,96.3556
709.5000,100.0000,100.0000,96.3782
710.0000,100.0000,100.0000,96.4234
710.5000,100.0000,100.0000,96.4471
711.0000,100.0000,100.0000,96.4932
711.5000,100.0000,100.0000,96.5144
712.0000,100.0000,100.0000,96.5581
712.5000,100.0000,100.0000,96.5825
713.0000,100.0000,100.0000,96.6297
713.5000,100.0000,100.0000,96.6771
714.0000,100.0000,100.0000,96.6999
714.5000,100.0000,100.0000,96.7473
715.0000,100.0000,100.0000,96.7693
715.5000,100.0000,100.0000,96.8119
716.0000,100.0000,100.0000,96.8341
716.5000,100.0000,100.0000,96.8779
717.0000,100.0000,100.0000,96.8990
717.5000,100.0000,100.0000,96.9426
718.0000,100.0000,100.0000,96.9660
718.5000,100.0000,100.0000,97.0123
719.0000,100.0000,100.0000,97.0344
719.5000,100.0000,100.0000,97.0792
720.0000,100.0000,100.0000,97.1028
720.5000,100.0000,100.0000,97.1451
721.0000,100.0000,100.0000,97.1688
721.5000,100.0000,100.0000,97.2116
722.0000,100.0000,100.0000,97.2342
722.5000,100.0000,100.0000,97.2783
723.0000,100.0000,100.0000,97.3020
723.5000,100.0000,100.0000,97.3470
724.0000,100.0000,100.0000,97.3895
724.5000,100.0000,100.0000,97.4130
725.0000,100.0000,100.0000,97.4569
725.5000,100.0000,100.0000,97.4803
726.0000,100.0000,100.0000,97.5234
726.5000,100.0000,100.0000,97.5464
727.0000,100.0000,100.0000,97.5914
727.5000,100.0000,100.0000,97.6115
728.0000,100.0000,100.0000,97.6536
728.5000,100.0000,100.0000,97.6742
729.0000,100.0000,100.0000,97.7206
729.5000,100.0000,100.0000,97.7420
730.0000,100.0000,100.0000,97.7876
730.5000,100.0000,100.0000,97.8086
731.0000,100.0000,100.0000,97.8483
731.5000,100.0000,100.0000,97.8687
732.0000,100.0000,100.0000,97.9094
732.5000,100.0000,100.0000,97.9304
733.0000,100.0000,100.0000,97.9707
733.5000,100.0000,100.0000,97.9919
734.0000,100.0000,100.0000,98.0311
734.5000,100.0000,100.0000,98.0700
735.0000,100.0000,100.0000,98.0918
735.5000,100.0000,100.0000,98.1330
736.0000,100.0000,100.0000,98.1562
736.5000,100.0000,100.0000,98.1992
737.0000,100.0000,100.0000,98.2200
737.5000,100.0000,100.0000,98.2628
738.0000,100.0000,100.0000,98.2855
738.5000,100.0000,100.0000,98.3270
739.0000,100.0000,100.0000,98.3473
739.5000,100.0000,100.0000,98.3889
740.0000,100.0000,100.0000,98.4095
740.5000,100.0000,100.0000,98.4481
741.0000,100.0000,100.0000,98.4711
741.5000,100.0000,100.0000,98.5099
742.0000,100.0000,100.0000,98.5310
742.5000,100.0000,100.0000,98.5720
743.0000,100.0000,100.0000,98.5907
743.5000,100.0000,100.0000,98.6333
744.0000,100.0000,100.0000,98.6715
744.5000,100.0000,100.0000,98.6926
745.0000,100.0000,100.0000,98.7305
745.5000,100.0000,100.0000,98.7477
746.0000,100.0000,100.0000,98.7856
746.5000,100.0000,100.0000,98.8081
747.0000,100.0000,100.0000,98.8464
747.5000,100.0000,100.0000,98.8633
748.0000,100.0000,100.0000,98.8991
748.5000,100.0000,100.0000,98.9203
749.0000,100.0000,100.0000,98.9551
749.5000,100.0000,100.0000,98.9730
750.0000,100.0000,100.0000,99.0121
750.5000,100.0000,100.0000,99.0305
751.0000,100.0000,100.0000,99.0655
751.5000,100.0000,100.0000,99.0817
752.0000,100.0000,100.0000,99.1154
752.5000,100.0000,100.0000,99.1332
753.0000,100.0000,100.0000,99.1650
753.5000,100.0000,100.0000,99.1820
754.0000,100.0000,100.0000,99.2156
754.5000,100.0000,100.0000,99.2478
755.0000,100.0000,100.0000,99.2639
755.5000,100.0000,100.0000,99.2956
756.0000,100.0000,100.0000,99.3120
756.5000,100.0000,100.0000,99.3426
757.0000,100.0000,100.0000,99.3583
757.5000,100.0000,100.0000,99.3909
758.0000,100.0000,100.0000,99.4044
758.5000,100.0000,100.0000,99.4349
759.0000,100.0000,100.0000,99.4485
759.5000,100.0000,100.0000,99.4764
760.0000,100.0000,100.0000,99.4890
760.5000,100.0000,100.0000,99.5163
761.0000,100.0000,100.0000,99.5296
761.5000,100.0000,100.0000,99.5551
762.0000,100.0000,100.0000,99.5667
762.5000,100.0000,100.0000,99.5936
763.0000,100.0000,100.0000,99.6055
763.5000,100.0000,100.0000,99.6279
764.0000,100.0000,100.0000,99.6405
764.5000,100.0000,100.0000,99.6603
765.0000,100.0000,100.0000,99.6818
765.5000,100.0000,100.0000,99.6910
766.0000,100.0000,100.0000,99.7098
766.5000,100.0000,100.0000,99.7186
767.0000,100.0000,100.0000,99.7339
767.5000,100.0000,100.0000,99.7402
768.0000,100.0000,100.0000,99.7571
768.5000,100.0000,100.0000,99.7664
769.0000,100.0000,100.0000,99.7816
769.5000,100.0000,100.0000,99.7876
770.0000,100.0000,100.0000,99.8019
770.5000,100.0000,100.0000,99.8096
771.0000,100.0000,100.0000,99.8228
771.5000,100.0000,100.0000,99.8290
772.0000,100.0000,100.0000,99.8403
772.5000,100.0000,100.0000,99.8477
773.0000,100.0000,100.0000,99.8582
773.5000,100.0000,100.0000,99.8640
774.0000,100.0000,100.0000,99.8737
774.5000,100.0000,100.0000,99.8791
775.0000,100.0000,100.0000,99.8882
775.5000,100.0000,100.0000,99.8966
776.0000,100.0000,100.0000,99.9007
776.5000,100.0000,100.0000,99.9074
777.0000,100.0000,100.0000,99.9109
777.5000,100.0000,100.0000,99.9181
778.0000,100.0000,100.0000,99.9204
778.5000,100.0000,100.0000,99.9271
779.0000,100.0000,100.0000,99.9307
779.5000,100.0000,100.0000,99.9367
780.0000,100.0000,100.0000,99.9398
780.5000,100.0000,100.0000,99.9447
781.0000,100.0000,100.0000,99.9472
781.5000,100.0000,100.0000,99.9514
782.0000,100.0000,100.0000,99.9535
782.5000,100.0000,100.0000,99.9584
783.0000,100.0000,100.0000,99.9594
783.5000,100.0000,100.0000,99.9626
784.0000,100.0000,100.0000,99.9643
784.5000,100.0000,100.0000,99.9667
785.0000,100.0000,100.0000,99.9698
785.5000,100.0000,100.0000,99.9716
786.0000,100.0000,100.0000,99.9740
786.5000,100.0000,100.0000,99.9758
787.0000,100.0000,100.0000,99.9785
787.5000,100.0000,100.0000,99.9803
788.0000,100.0000,100.0000,99.9824
788.5000,100.0000,100.0000,99.9840
789.0000,100.0000,100.0000,99.9854
789.5000,100.0000,100.0000,99.9861
790.0000,100.0000,100.0000,99.9876
790.5000,100.0000,100.0000,99.9885
791.0000,100.0000,100.0000,99.9901
791.5000,100.0000,100.0000,99.9903
792.0000,100.0000,100.0000,99.9914
792.5000,100.0000,100.0000,99.9916
793.0000,100.0000,100.0000,99.9928
793.5000,100.0000,100.0000,99.9936
794.0000,100.0000,100.0000,99.9941
794.5000,100.0000,100.0000,99.9946
795.0000,100.0000,100.0000,99.9954
795.5000,100.0000,100.0000,99.9967
796.0000,100.0000,100.0000,99.9971
796.5000,100.0000,100.0000,99.9976
797.0000,100.0000,100.0000,99.9980
797.5000,100.0000,100.0000,99.9984
798.0000,100.0000,100.0000,99.9986
798.5000,100.0000,100.0000,99.9986
799.0000,100.0000,100.0000,99.9987
799.5000,100.0000,100.0000,99.9989
800.0000,100.0000,100.0000,99.9989
800.5000,100.0000,100.0000,99.9991
801.0000,100.0000,100.0000,99.9991
801.5000,100.0000,100.0000,99.9991
802.0000,100.0000,100.0000,99.9992
802.5000,100.0000,100.0000,99.9995
803.0000,100.0000,100.0000,99.9995
803.5000,100.0000,100.0000,99.9998
804.0000,100.0000,100.0000,99.9999
804.5000,100.0000,100.0000,99.9999
805.0000,100.0000,100.0000,99.9999
805.5000,100.0000,100.0000,99.9999
806.0000,100.0000,100.0000,99.9999
806.5000,100.0000,100.0000,99.9999
807.0000,100.0000,100.0000,99.9999
807.5000,100.0000,100.0000,100.0000
808.0000,100.0000,100.0000,100.0000
808.5000,100.0000,100.0000,100.0000
809.0000,100.0000,100.0000,100.0000
809.5000,100.0000,100.0000,100.0000
810.0000,100.0000,100.0000,100.0000
810.5000,100.0000,100.0000,100.0000
811.0000,100.0000,100.0000,100.0000
811.5000,100.0000,100.0000,100.0000
812.0000,100.0000,100.0000,100.0000
812.5000,100.0000,100.0000,100.0000
813.0000,100.0000,100.0000,100.0000
813.5000,100.0000,100.0000,100.0000
814.0000,100.0000,100.0000,100.0000
814.5000,100.0000,100.0000,100.0000
815.0000,100.0000,100.0000,100.0000
815.5000,100.0000,100.0000,100.0000
816.0000,100.0000,100.0000,100.0000
816.5000,100.0000,100.0000,100.0000
817.0000,100.0000,100.0000,100.0000
817.5000,100.0000,100.0000,100.0000
818.0000,100.0000,100.0000,100.0000
818.5000,100.0000,100.0000,100.0000
819.0000,100.0000,100.0000,100.0000
819.5000,100.0000,100.0000,100.0000
820.0000,100.0000,100.0000,100.0000
820.5000,100.0000,100.0000,100.0000
821.0000,100.0000,100.0000,100.0000
821.5000,100.0000,100.0000,100.0000
822.0000,100.0000,100.0000,100.0000
822.5000,100.0000,100.0000,100.0000
823.0000,100.0000,100.0000,100.0000
823.5000,100.0000,100.0000,100.0000
824.0000,100.0000,100.0000,100.0000
824.5000,100.0000,100.0000,100.0000
825.0000,100.0000,100.0000,100.0000
825.5000,100.0000,100.0000,100.0000
826.0000,100.0000,100.0000,100.0000
826.5000,100.0000,100.0000,100.0000
827.0000,100.0000,100.0000,100.0000
827.5000,100.0000,100.0000,100.0000
828.0000,100.0000,100.0000,100.0000
828.5000,100.0000,100.0000,100.0000
829.0000,100.0000,100.0000,100.0000
829.5000,100.0000,100.0000,100.0000
830.0000,100.0000,100.0000,100.0000
830.5000,100.0000,100.0000,100.0000
831.0000,100.0000,100.0000,100.0000
831.5000,100.0000,100.0000,100.0000
832.0000,100.0000,100.0000,100.0000
832.5000,100.0000,100.0000,100.0000
833.0000,100.0000,100.0000,100.0000
833.5000,100.0000,100.0000,100.0000
834.0000,100.0000,100.0000,100.0000
834.5000,100.0000,100.0000,100.0000
835.0000,100.0000,100.0000,100.0000
835.5000,100.0000,100.0000,100.0000
836.0000,100.0000,100.0000,100.0000
836.5000,100.0000,100.0000,100.0000
837.0000,100.0000,100.0000,100.0000
837.5000,100.0000,100.0000,100.0000
838.0000,100.0000,100.0000,100.0000
838.5000,100.0000,100.0000,100.0000
839.0000,100.0000,100.0000,100.0000
839.5000,100.0000,100.0000,100.0000
840.0000,100.0000,100.0000,100.0000
840.5000,100.0000,100.0000,100.0000
841.0000,100.0000,100.0000,100.0000
841.5000,100.0000,100.0000,100.0000
842.0000,100.0000,100.0000,100.0000
842.5000,100.0000,100.0000,100.0000
843.0000,100.0000,100.0000,100.0000
843.5000,100.0000,100.0000,100.0000
844.0000,100.0000,100.0000,100.0000
844.5000,100.0000,100.0000,100.0000
845.0000,100.0000,100.0000,100.0000
845.5000,100.0000,100.0000,100.0000
846.0000,100.0000,100.0000,100.0000
846.5000,100.0000,100.0000,100.0000
847.0000,100.0000,100.0000,100.0000
847.5000,100.0000,100.0000,100.0000
848.0000,100.0000,100.0000,100.0000
848.5000,100.0000,100.0000,100.0000
849.0000,100.0000,100.0000,100.0000
849.5000,100.0000,100.0000,100.0000
850.0000,100.0000,100.0000,100.0000
850.5000,100.0000,100.0000,100.0000
851.0000,100.0000,100.0000,100.0000
851.5000,100.0000,100.0000,100.0000
852.0000,100.0000,100.0000,100.0000
852.5000,100.0000,100.0000,100.0000
853.0000,100.0000,100.0000,100.0000
853.5000,100.0000,100.0000,100.0000
854.0000,100.0000,100.0000,100.0000
854.5000,100.0000,100.0000,100.0000
855.0000,100.0000,100.0000,100.0000
855.5000,100.0000,100.0000,100.0000
856.0000,100.0000,100.0000,100.0000
856.5000,100.0000,100.0000,100.0000
857.0000,100.0000,100.0000,100.0000
857.5000,100.0000,100.0000,100.0000
858.0000,100.0000,100.0000,100.0000
858.5000,100.0000,100.0000,100.0000
859.0000,100.0000,100.0000,100.0000
859.5000,100.0000,100.0000,100.0000
860.0000,100.0000,100.0000,100.0000
860.5000,100.0000,100.0000,100.0000
861.0000,100.0000,100.0000,100.0000
861.5000,100.0000,100.0000,100.0000
862.0000,100.0000,100.0000,100.0000
862.5000,100.0000,100.0000,100.0000
863.0000,100.0000,100.0000,100.0000
863.5000,100.0000,100.0000,100.0000
864.0000,100.0000,100.0000,100.0000
864.5000,100.0000,100.0000,100.0000
865.0000,100.0000,100.0000,100.0000
865.5000,100.0000,100.0000,100.0000
866.0000,100.0000,100.0000,100.0000
866.5000,100.0000,100.0000,100.0000
867.0000,100.0000,100.0000,100.0000
867.5000,100.0000,100.0000,100.0000
868.0000,100.0000,100.0000,100.0000
868.5000,100.0000,100.0000,100.0000
869.0000,100.0000,100.0000,100.0000
869.5000,100.0000,100.0000,100.0000
870.0000,100.0000,100.0000,100.0000
870.5000,100.0000,100.0000,100.0000
871.0000,100.0000,100.0000,100.0000
871.5000,100.0000,100.0000,100.0000
872.0000,100.0000,100.0000,100.0000
872.5000,100.0000,100.0000,100.0000
873.0000,100.0000,100.0000,100.0000
873.5000,100.0000,100.0000,100.0000
874.0000,100.0000,100.0000,100.0000
874.5000,100.0000,100.0000,100.0000
875.0000,100.0000,100.0000,100.0000
875.5000,100.0000,100.0000,100.0000
876.0000,100.0000,100.0000,100.0000
876.5000,100.0000,100.0000,100.0000
877.0000,100.0000,100.0000,100.0000
877.5000,100.0000,100.0000,100.0000
878.0000,100.0000,100.0000,100.0000
878.5000,100.0000,100.0000,100.0000
879.0000,100.0000,100.0000,100.0000
879.5000,100.0000,100.0000,100.0000
880.0000,100.0000,100.0000,100.0000
880.5000,100.0000,100.0000,100.0000
881.0000,100.0000,100.0000,100.0000
881.5000,100.0000,100.0000,100.0000
882.0000,100.0000,100.0000,100.0000
882.5000,100.0000,100.0000,100.0000
883.0000,100.0000,100.0000,100.0000
883.5000,100.0000,100.0000,100.0000
884.0000,100.0000,100.0000,100.0000
884.5000,100.0000,100.0000,100.0000
885.0000,100.0000,100.0000,100.0000
885.5000,100.0000,100.0000,100.0000
886.0000,100.0000,100.0000,100.0000
886.5000,100.0000,100.0000,100.0000
887.0000,100.0000,100.0000,100.0000
887.5000,100.0000,100.0000,100.0000
888.0000,100.0000,100.0000,100.0000
888.5000,100.0000,100.0000,100.0000
889.0000,100.0000,100.0000,100.0000
889.5000,100.0000,100.0000,100.0000
890.0000,100.0000,100.0000,100.0000
890.5000,100.0000,100.0000,100.0000
891.0000,100.0000,100.0000,100.0000
891.5000,100.0000,100.0000,100.0000
892.0000,100.0000,100.0000,100.0000
892.5000,100.0000,100.0000,100.0000
893.0000,100.0000,100.0000,100.0000
893.5000,100.0000,100.0000,100.0000
894.0000,100.0000,100.0000,100.0000
894.5000,100.0000,100.0000,100.0000
895.0000,100.0000,100.0000,100.0000
895.5000,100.0000,100.0000,100.0000
896.0000,100.0000,100.0000,100.0000
896.5000,100.0000,100.0000,100.0000
897.0000,100.0000,100.0000,100.0000
897.5000,100.0000,100.0000,100.0000
898.0000,100.0000,100.0000,100.0000
898.5000,100.0000,100.0000,100.0000
899.0000,100.0000,100.0000,100.0000
899.5000,100.0000,100.0000,100.0000
900.0000,100.0000,100.0000,100.0000
900.5000,100.0000,100.0000,100.0000
901.0000,100.0000,100.0000,100.0000
901.5000,100.0000,100.0000,100.0000
902.0000,100.0000,100.0000,100.0000
902.5000,100.0000,100.0000,100.0000
903.0000,100.0000,100.0000,100.0000
903.5000,100.0000,100.0000,100.0000
904.0000,100.0000,100.0000,100.0000
904.5000,100.0000,100.0000,100.0000
905.0000,100.0000,100.0000,100.0000
905.5000,100.0000,100.0000,100.0000
906.0000,100.0000,100.0000,100.0000
906.5000,100.0000,100.0000,100.0000
907.0000,100.0000,100.0000,100.0000
907.5000,100.0000,100.0000,100.0000
908.0000,100.0000,100.0000,100.0000
908.5000,100.0000,100.0000,100.0000
909.0000,100.0000,100.0000,100.0000
909.5000,100.0000,100.0000,100.0000
910.0000,100.0000,100.0000,100.0000
910.5000,100.0000,100.0000,100.0000
911.0000,100.0000,100.0000,100.0000
911.5000,100.0000,100.0000,100.0000
912.0000,100.0000,100.0000,100.0000
912.5000,100.0000,100.0000,100.0000
913.0000,100.0000,100.0000,100.0000
913.5000,100.0000,100.0000,100.0000
914.0000,100.0000,100.0000,100.0000
914.5000,100.0000,100.0000,100.0000
915.0000,100.0000,100.0000,100.0000
915.5000,100.0000,100.0000,100.0000
916.0000,100.0000,100.0000,100.0000
916.5000,100.0000,100.0000,100.0000
917.0000,100.0000,100.0000,100.0000
917.5000,100.0000,100.0000,100.0000
918.0000,100.0000,100.0000,100.0000
918.5000,100.0000,100.0000,100.0000
919.0000,100.0000,100.0000,100.0000
919.5000,100.0000,100.0000,100.0000
920.0000,100.0000,100.0000,100.0000
920.5000,100.0000,100.0000,100.0000
921.0000,100.0000,100.0000,100.0000
921.5000,100.0000,100.0000,100.0000
922.0000,100.0000,100.0000,100.0000
922.5000,100.0000,100.0000,100.0000
923.0000,100.0000,100.0000,100.0000
923.5000,100.0000,100.0000,100.0000
924.0000,100.0000,100.0000,100.0000
924.5000,100.0000,100.0000,100.0000
925.0000,100.0000,100.0000,100.0000
925.5000,100.0000,100.0000,100.0000
926.0000,100.0000,100.0000,100.0000
926.5000,100.0000,100.0000,100.0000
927.0000,100.0000,100.0000,100.0000
927.5000,100.0000,100.0000,100.0000
928.0000,100.0000,100.0000,100.0000
928.5000,100.0000,100.0000,100.0000
929.0000,100.0000,100.0000,100.0000
929.5000,100.0000,100.0000,100.0000
930.0000,100.0000,100.0000,100.0000
930.5000,100.0000,100.0000,100.0000
931.0000,100.0000,100.0000,100.0000
931.5000,100.0000,100.0000,100.0000
932.0000,100.0000,100.0000,100.0000
932.5000,100.0000,100.0000,100.0000
933.0000,100.0000,100.0000,100.0000
933.5000,100.0000,100.0000,100.0000
934.0000,100.0000,100.0000,100.0000
934.5000,100.0000,100.0000,100.0000
935.0000,100.0000,100.0000,100.0000
935.5000,100.0000,100.0000,100.0000
936.0000,100.0000,100.0000,100.0000
936.5000,100.0000,100.0000,100.0000
937.0000,100.0000,100.0000,100.0000
937.5000,100.0000,100.0000,100.0000
938.0000,100.0000,100.0000,100.0000
938.5000,100.0000,100.0000,100.0000
939.0000,100.0000,100.0000,100.0000
939.5000,100.0000,100.0000,100.0000
940.0000,100.0000,100.0000,100.0000
940.5000,100.0000,100.0000,100.0000
941.0000,100.0000,100.0000,100.0000
941.5000,100.0000,100.0000,100.0000
942.0000,100.0000,100.0000,100.0000
942.5000,100.0000,100.0000,100.0000
943.0000,100.0000,100.0000,100.0000
943.5000,100.0000,100.0000,100.0000
944.0000,100.0000,100.0000,100.0000
944.5000,100.0000,100.0000,100.0000
945.0000,100.0000,100.0000,100.0000
945.5000,100.0000,100.0000,100.0000
946.0000,100.0000,100.0000,100.0000
946.5000,100.0000,100.0000,100.0000
947.0000,100.0000,100.0000,100.0000
947.5000,100.0000,100.0000,100.0000
948.0000,100.0000,100.0000,100.0000
948.5000,100.0000,100.0000,100.0000
949.0000,100.0000,100.0000,100.0000
949.5000,100.0000,100.0000,100.0000
950.0000,100.0000,100.0000,100.0000
950.5000,100.0000,100.0000,100.0000
951.0000,100.0000,100.0000,100.0000
951.5000,100.0000,100.0000,100.0000
952.0000,100.0000,100.0000,100.0000
952.5000,100.0000,100.0000,100.0000
953.0000,100.0000,100.0000,100.0000
953.5000,100.0000,100.0000,100.0000
954.0000,100.0000,100.0000,100.0000
954.5000,100.0000,100.0000,100.0000
955.0000,100.0000,100.0000,100.0000
955.5000,100.0000,100.0000,100.0000
956.0000,100.0000,100.0000,100.0000
956.5000,100.0000,100.0000,100.0000
957.0000,100.0000,100.0000,100.0000
957.5000,100.0000,100.0000,100.0000
958.0000,100.0000,100.0000,100.0000
958.5000,100.0000,100.0000,100.0000
959.0000,100.0000,100.0000,100.0000
959.5000,100.0000,100.0000,100.0000
960.0000,100.0000,100.0000,100.0000
960.5000,100.0000,100.0000,100.0000
961.0000,100.0000,100.0000,100.0000
961.5000,100.0000,100.0000,100.0000
962.0000,100.0000,100.0000,100.0000
962.5000,100.0000,100.0000,100.0000
963.0000,100.0000,100.0000,100.0000
963.5000,100.0000,100.0000,100.0000
964.0000,100.0000,100.0000,100.0000
964.5000,100.0000,100.0000,100.0000
965.0000,100.0000,100.0000,100.0000
965.5000,100.0000,100.0000,100.0000
966.0000,100.0000,100.0000,100.0000
966.5000,100.0000,100.0000,100.0000
967.0000,100.0000,100.0000,100.0000
967.5000,100.0000,100.0000,100.0000
968.0000,100.0000,100.0000,100.0000
968.5000,100.0000,100.0000,100.0000
969.0000,100.0000,100.0000,100.0000
969.5000,100.0000,100.0000,100.0000
970.0000,100.0000,100.0000,100.0000
970.5000,100.0000,100.0000,100.0000
971.0000,100.0000,100.0000,100.0000
971.5000,100.0000,100.0000,100.0000
972.0000,100.0000,100.0000,100.0000
972.5000,100.0000,100.0000,100.0000
973.0000,100.0000,100.0000,100.0000
973.5000,100.0000,100.0000,100.0000
974.0000,100.0000,100.0000,100.0000
974.5000,100.0000,100.0000,100.0000
975.0000,100.0000,100.0000,100.0000
975.5000,100.0000,100.0000,100.0000
976.0000,100.0000,100.0000,100.0000
976.5000,100.0000,100.0000,100.0000
977.0000,100.0000,100.0000,100.0000
977.5000,100.0000,100.0000,100.0000
978.0000,100.0000,100.0000,100.0000
978.5000,100.0000,100.0000,100.0000
979.0000,100.0000,100.0000,100.0000
979.5000,100.0000,100.0000,100.0000
980.0000,100.0000,100.0000,100.0000
980.5000,100.0000,100.0000,100.0000
981.0000,100.0000,100.0000,100.0000
981.5000,100.0000,100.0000,100.0000
982.0000,100.0000,100.0000,100.0000
982.5000,100.0000,100.0000,100.0000
983.0000,100.0000,100.0000,100.0000
983.5000,100.0000,100.0000,100.0000
984.0000,100.0000,100.0000,100.0000
984.5000,100.0000,100.0000,100.0000
985.0000,100.0000,100.0000,100.0000
985.5000,100.0000,100.0000,100.0000
986.0000,100.0000,100.0000,100.0000
986.5000,100.0000,100.0000,100.0000
987.0000,100.0000,100.0000,100.0000
987.5000,100.0000,100.0000,100.0000
988.0000,100.0000,100.0000,100.0000
988.5000,100.0000,100.0000,100.0000
989.0000,100.0000,100.0000,100.0000
989.5000,100.0000,100.0000,100.0000
990.0000,100.0000,100.0000,100.0000
990.5000,100.0000,100.0000,100.0000
991.0000,100.0000,100.0000,100.0000
991.5000,100.0000,100.0000,100.0000
992.0000,100.0000,100.0000,100.0000
992.5000,100.0000,100.0000,100.0000
993.0000,100.0000,100.0000,100.0000
993.5000,100.0000,100.0000,100.0000
994.0000,100.0000,100.0000,100.0000
994.5000,100.0000,100.0000,100.0000
995.0000,100.0000,100.0000,100.0000
995.5000,100.0000,100.0000,100.0000
996.0000,100.0000,100.0000,100.0000
996.5000,100.0000,100.0000,100.0000
997.0000,100.0000,100.0000,100.0000
997.5000,100.0000,100.0000,100.0000
998.0000,100.0000,100.0000,100.0000
998.5000,100.0000,100.0000,100.0000
999.0000,100.0000,100.0000,100.0000
999.5000,100.0000,100.0000,100.0000
1000.0000,100.0000,100.0000,100.0000
1000.5000,100.0000,100.0000,100.0000
1001.0000,100.0000,100.0000,100.0000
1001.5000,100.0000,100.0000,100.0000
1002.0000,100.0000,100.0000,100.0000
1002.5000,100.0000,100.0000,100.0000
1003.0000,100.0000,100.0000,100.0000
1003.5000,100.0000,100.0000,100.0000
1004.0000,100.0000,100.0000,100.0000
1004.5000,100.0000,100.0000,100.0000
1005.0000,100.0000,100.0000,100.0000
1005.5000,100.0000,100.0000,100.0000
1006.0000,100.0000,100.0000,100.0000
1006.5000,100.0000,100.0000,100.0000
1007.0000,100.0000,100.0000,100.0000
1007.5000,100.0000,100.0000,100.0000
1008.0000,100.0000,100.0000,100.0000
1008.5000,100.0000,100.0000,100.0000
1009.0000,100.0000,100.0000,100.0000
1009.5000,100.0000,100.0000,100.0000
1010.0000,100.0000,100.0000,100.0000
1010.5000,100.0000,100.0000,100.0000
1011.0000,100.0000,100.0000,100.0000
1011.5000,100.0000,100.0000,100.0000
1012.0000,100.0000,100.0000,100.0000
1012.5000,100.0000,100.0000,100.0000
1013.0000,100.0000,100.0000,100.0000
1013.5000,100.0000,100.0000,100.0000
1014.0000,100.0000,100.0000,100.0000
1014.5000,100.0000,100.0000,100.0000
1015.0000,100.0000,100.0000,100.0000
1015.5000,100.0000,100.0000,100.0000
1016.0000,100.0000,100.0000,100.0000
1016.5000,100.0000,100.0000,100.0000
1017.0000,100.0000,100.0000,100.0000
1017.5000,100.0000,100.0000,100.0000
1018.0000,100.0000,100.0000,100.0000
1018.5000,100.0000,100.0000,100.0000
1019.0000,100.0000,100.0000,100.0000
1019.5000,100.0000,100.0000,100.0000
1020.0000,100.0000,100.0000,100.0000
1020.5000,100.0000,100.0000,100.0000
1021.0000,100.0000,100.0000,100.0000
1021.5000,100.0000,100.0000,100.0000
1022.0000,100.0000,100.0000,100.0000
1022.5000,100.0000,100.0000,100.0000
1023.0000,100.0000,100.0000,100.0000
1023.5000,100.0000,100.0000,100.0000
1024.0000,100.0000,100.0000,100.0000
1024.5000,100.0000,100.0000,100.0000
1025.0000,100.0000,100.0000,100.0000
1025.5000,100.0000,100.0000,100.0000
1026.0000,100.0000,100.0000,100.0000
1026.5000,100.0000,100.0000,100.0000
1027.0000,100.0000,100.0000,100.0000
1027.5000,100.0000,100.0000,100.0000
1028.0000,100.0000,100.0000,100.0000
1028.5000,100.0000,100.0000,100.0000
1029.0000,100.0000,100.0000,100.0000
1029.5000,100.0000,100.0000,100.0000
1030.0000,100.0000,100.0000,100.0000
1030.5000,100.0000,100.0000,100.0000
1031.0000,100.0000,100.0000,100.0000
1031.5000,100.0000,100.0000,100.0000
1032.0000,100.0000,100.0000,100.0000
1032.5000,100.0000,100.0000,100.0000
1033.0000,100.0000,100.0000,100.0000
1033.5000,100.0000,100.0000,100.0000
1034.0000,100.0000,100.0000,100.0000
1034.5000,100.0000,100.0000,100.0000
1035.0000,100.0000,100.0000,100.0000
1035.5000,100.0000,100.0000,100.0000
1036.0000,100.0000,100.0000,100.0000
1036.5000,100.0000,100.0000,100.0000
1037.0000,100.0000,100.0000,100.0000
1037.5000,100.0000,100.0000,100.0000
1038.0000,100.0000,100.0000,100.0000
1038.5000,100.0000,100.0000,100.0000
1039.0000,100.0000,100.0000,100.0000
1039.5000,100.0000,100.0000,100.0000
1040.0000,100.0000,100.0000,100.0000
1040.5000,100.0000,100.0000,100.0000
1041.0000,100.0000,100.0000,100.0000
1041.5000,100.0000,100.0000,100.0000
1042.0000,100.0000,100.0000,100.0000
1042.5000,100.0000,100.0000,100.0000
1043.0000,100.0000,100.0000,100.0000
1043.5000,100.0000,100.0000,100.0000
1044.0000,100.0000,100.0000,100.0000
1044.5000,100.0000,100.0000,100.0000
1045.0000,100.0000,100.0000,100.0000
1045.5000,100.0000,100.0000,100.0000
1046.0000,100.0000,100.0000,100.0000
1046.5000,100.0000,100.0000,100.0000
1047.0000,100.0000,100.0000,100.0000
1047.5000,100.0000,100.0000,100.0000
1048.0000,100.0000,100.0000,100.0000
1048.5000,100.0000,100.0000,100.0000
1049.0000,100.0000,100.0000,100.0000
1049.5000,100.0000,100.0000,100.0000
1050.0000,100.0000,100.0000,100.0000
1050.5000,100.0000,100.0000,100.0000
1051.0000,100.0000,100.0000,100.0000
1051.5000,100.0000,100.0000,100.0000
1052.0000,100.0000,100.0000,100.0000
1052.5000,100.0000,100.0000,100.0000
1053.0000,100.0000,100.0000,100.0000
1053.5000,100.0000,100.0000,100.0000
1054.0000,100.0000,100.0000,100.0000
1054.5000,100.0000,100.0000,100.0000
1055.0000,100.0000,100.0000,100.0000
1055.5000,100.0000,100.0000,100.0000
1056.0000,100.0000,100.0000,100.0000
1056.5000,100.0000,100.0000,100.0000
1057.0000,100.0000,100.0000,100.0000
1057.5000,100.0000,100.0000,100.0000
1058.0000,100.0000,100.0000,100.0000
1058.5000,100.0000,100.0000,100.0000
1059.0000,100.0000,100.0000,100.0000
1059.5000,100.0000,100.0000,100.0000
1060.0000,100.0000,100.0000,100.0000
1060.5000,100.0000,100.0000,100.0000
1061.0000,100.0000,100.0000,100.0000
1061.5000,100.0000,100.0000,100.0000
1062.0000,100.0000,100.0000,100.0000
1062.5000,100.0000,100.0000,100.0000
1063.0000,100.0000,100.0000,100.0000
1063.5000,100.0000,100.0000,100.0000
1064.0000,100.0000,100.0000,100.0000
1064.5000,100.0000,100.0000,100.0000
1065.0000,100.0000,100.0000,100.0000
1065.5000,100.0000,100.0000,100.0000
1066.0000,100.0000,100.0000,100.0000
1066.5000,100.0000,100.0000,100.0000
1067.0000,100.0000,100.0000,100.0000
1067.5000,100.0000,100.0000,100.0000
1068.0000,100.0000,100.0000,100.0000
1068.5000,100.0000,100.0000,100.0000
1069.0000,100.0000,100.0000,100.0000
1069.5000,100.0000,100.0000,100.0000
1070.0000,100.0000,100.0000,100.0000
1070.5000,100.0000,100.0000,100.0000
1071.0000,100.0000,100.0000,100.0000
1071.5000,100.0000,100.0000,100.0000
1072.0000,100.0000,100.0000,100.0000
1072.5000,100.0000,100.0000,100.0000
1073.0000,100.0000,100.0000,100.0000
1073.5000,100.0000,100.0000,100.0000
1074.0000,100.0000,100.0000,100.0000
1074.5000,100.0000,100.0000,100.0000
1075.0000,100.0000,100.0000,100.0000
1075.5000,100.0000,100.0000,100.0000
1076.0000,100.0000,100.0000,100.0000
1076.5000,100.0000,100.0000,100.0000
1077.0000,100.0000,100.0000,100.0000
1077.5000,100.0000,100.0000,100.0000
1078.0000,100.0000,100.0000,100.0000
1078.5000,100.0000,100.0000,100.0000
1079.0000,100.0000,100.0000,100.0000
1079.5000,100.0000,100.0000,100.0000
1080.0000,100.0000,100.0000,100.0000
1080.5000,100.0000,100.0000,100.0000
1081.0000,100.0000,100.0000,100.0000
1081.5000,100.0000,100.0000,100.0000
1082.0000,100.0000,100.0000,100.0000
1082.5000,100.0000,100.0000,100.0000
1083.0000,100.0000,100.0000,100.0000
1083.5000,100.0000,100.0000,100.0000
1084.0000,100.0000,100.0000,100.0000
1084.5000,100.0000,100.0000,100.0000
1085.0000,100.0000,100.0000,100.0000
1085.5000,100.0000,100.0000,100.0000
1086.0000,100.0000,100.0000,100.0000
1086.5000,100.0000,100.0000,100.0000
1087.0000,100.0000,100.0000,100.0000
1087.5000,100.0000,100.0000,100.0000
1088.0000,100.0000,100.0000,100.0000
1088.5000,100.0000,100.0000,100.0000
1089.0000,100.0000,100.0000,100.0000
1089.5000,100.0000,100.0000,100.0000
1090.0000,100.0000,100.0000,100.0000
1090.5000,100.0000,100.0000,100.0000
1091.0000,100.0000,100.0000,100.0000
1091.5000,100.0000,100.0000,100.0000
1092.0000,100.0000,100.0000,100.0000
1092.5000,100.0000,100.0000,100.0000
1093.0000,100.0000,100.0000,100.0000
1093.5000,100.0000,100.0000,100.0000
1094.0000,100.0000,100.0000,100.0000
1094.5000,100.0000,100.0000,100.0000
1095.0000,100.0000,100.0000,100.0000
1095.5000,100.0000,100.0000,100.0000
1096.0000,100.0000,100.0000,100.0000
1096.5000,100.0000,100.0000,100.0000
1097.0000,100.0000,100.0000,100.0000
1097.5000,100.0000,100.0000,100.0000
1098.0000,100.0000,100.0000,100.0000
1098.5000,100.0000,100.0000,100.0000
1099.0000,100.0000,100.0000,100.0000
1099.5000,100.0000,100.0000,100.0000
1100.0000,100.0000,100.0000,100.0000
1100.5000,100.0000,100.0000,100.0000
1101.0000,100.0000,100.0000,100.0000
1101.5000,100.0000,100.0000,100.0000
1102.0000,100.0000,100.0000,100.0000
1102.5000,100.0000,100.0000,100.0000
1103.0000,100.0000,100.0000,100.0000
1103.5000,100.0000,100.0000,100.0000
1104.0000,100.0000,100.0000,100.0000
1104.5000,100.0000,100.0000,100.0000
1105.0000,100.0000,100.0000,100.0000
1105.5000,100.0000,100.0000,100.0000
1106.0000,100.0000,100.0000,100.0000
1106.5000,100.0000,100.0000,100.0000
1107.0000,100.0000,100.0000,100.0000
1107.5000,100.0000,100.0000,100.0000
1108.0000,100.0000,100.0000,100.0000
1108.5000,100.0000,100.0000,100.0000
1109.0000,100.0000,100.0000,100.0000
1109.5000,100.0000,100.0000,100.0000
1110.0000,100.0000,100.0000,100.0000
1110.5000,100.0000,100.0000,100.0000
1111.0000,100.0000,100.0000,100.0000
1111.5000,100.0000,100.0000,100.0000
1112.0000,100.0000,100.0000,100.0000
1112.5000,100.0000,100.0000,100.0000
1113.0000,100.0000,100.0000,100.0000
1113.5000,100.0000,100.0000,100.0000
1114.0000,100.0000,100.0000,100.0000
1114.5000,100.0000,100.0000,100.0000
1115.0000,100.0000,100.0000,100.0000
1115.5000,100.0000,100.0000,100.0000
1116.0000,100.0000,100.0000,100.0000
1116.5000,100.0000,100.0000,100.0000
1117.0000,100.0000,100.0000,100.0000
1117.5000,100.0000,100.0000,100.0000
1118.0000,100.0000,100.0000,100.0000
1118.5000,100.0000,100.0000,100.0000
1119.0000,100.0000,100.0000,100.0000
1119.5000,100.0000,100.0000,100.0000
1120.0000,100.0000,100.0000,100.0000
1120.5000,100.0000,100.0000,100.0000
1121.0000,100.0000,100.0000,100.0000
1121.5000,100.0000,100.0000,100.0000
1122.0000,100.0000,100.0000,100.0000
1122.5000,100.0000,100.0000,100.0000
1123.0000,100.0000,100.0000,100.0000
1123.5000,100.0000,100.0000,100.0000
1124.0000,100.0000,100.0000,100.0000
1124.5000,100.0000,100.0000,100.0000
1125.0000,100.0000,100.0000,100.0000
1125.5000,100.0000,100.0000,100.0000
1126.0000,100.0000,100.0000,100.0000
1126.5000,100.0000,100.0000,100.0000
1127.0000,100.0000,100.0000,100.0000
1127.5000,100.0000,100.0000,100.0000
1128.0000,100.0000,100.0000,100.0000
1128.5000,100.0000,100.0000,100.0000
1129.0000,100.0000,100.0000,100.0000
1129.5000,100.0000,100.0000,100.0000
1130.0000,100.0000,100.0000,100.0000
1130.5000,100.0000,100.0000,100.0000
1131.0000,100.0000,100.0000,100.0000
1131.5000,100.0000,100.0000,100.0000
1132.0000,100.0000,100.0000,100.0000
1132.5000,100.0000,100.0000,100.0000
1133.0000,100.0000,100.0000,100.0000
1133.5000,100.0000,100.0000,100.0000
1134.0000,100.0000,100.0000,100.0000
1134.5000,100.0000,100.0000,100.0000
1135.0000,100.0000,100.0000,100.0000
1135.5000,100.0000,100.0000,100.0000
1136.0000,100.0000,100.0000,100.0000
1136.5000,100.0000,100.0000,100.0000
1137.0000,100.0000,100.0000,100.0000
1137.5000,100.0000,100.0000,100.0000
1138.0000,100.0000,100.0000,100.0000
1138.5000,100.0000,100.0000,100.0000
1139.0000,100.0000,100.0000,100.0000
1139.5000,100.0000,100.0000,100.0000
1140.0000,100.0000,100.0000,100.0000
1140.5000,100.0000,100.0000,100.0000
1141.0000,100.0000,100.0000,100.0000
1141.5000,100.0000,100.0000,100.0000
1142.0000,100.0000,100.0000,100.0000
1142.5000,100.0000,100.0000,100.0000
1143.0000,100.0000,100.0000,100.0000
1143.5000,100.0000,100.0000,100.0000
1144.0000,100.0000,100.0000,100.0000
1144.5000,100.0000,100.0000,100.0000
1145.0000,100.0000,100.0000,100.0000
1145.5000,100.0000,100.0000,100.0000
1146.0000,100.0000,100.0000,100.0000
1146.5000,100.0000,100.0000,100.0000
1147.0000,100.0000,100.0000,100.0000
1147.5000,100.0000,100.0000,100.0000
1148.0000,100.0000,100.0000,100.0000
1148.5000,100.0000,100.0000,100.0000
1149.0000,100.0000,100.0000,100.0000
1149.5000,100.0000,100.0000,100.0000
1150.0000,100.0000,100.0000,100.0000
1150.5000,100.0000,100.0000,100.0000
1151.0000,100.0000,100.0000,100.0000
1151.5000,100.0000,100.0000,100.0000
1152.0000,100.0000,100.0000,100.0000
1152.5000,100.0000,100.0000,100.0000
1153.0000,100.0000,100.0000,100.0000
1153.5000,100.0000,100.0000,100.0000
1154.0000,100.0000,100.0000,100.0000
1154.5000,100.0000,100.0000,100.0000
1155.0000,100.0000,100.0000,100.0000
1155.5000,100.0000,100.0000,100.0000
1156.0000,100.0000,100.0000,100.0000
1156.5000,100.0000,100.0000,100.0000
1157.0000,100.0000,100.0000,100.0000
1157.5000,100.0000,100.0000,100.0000
1158.0000,100.0000,100.0000,100.0000
1158.5000,100.0000,100.0000,100.0000
1159.0000,100.0000,100.0000,100.0000
1159.5000,100.0000,100.0000,100.0000
1160.0000,100.0000,100.0000,100.0000
1160.5000,100.0000,100.0000,100.0000
1161.0000,100.0000,100.0000,100.0000
1161.5000,100.0000,100.0000,100.0000
1162.0000,100.0000,100.0000,100.0000
1162.5000,100.0000,100.0000,100.0000
1163.0000,100.0000,100.0000,100.0000
1163.5000,100.0000,100.0000,100.0000
1164.0000,100.0000,100.0000,100.0000
1164.5000,100.0000,100.0000,100.0000
1165.0000,100.0000,100.0000,100.0000
1165.5000,100.0000,100.0000,100.0000
1166.0000,100.0000,100.0000,100.0000
1166.5000,100.0000,100.0000,100.0000
1167.0000,100.0000,100.0000,100.0000
1167.5000,100.0000,100.0000,100.0000
1168.0000,100.0000,100.0000,100.0000
1168.5000,100.0000,100.0000,100.0000
1169.0000,100.0000,100.0000,100.0000
1169.5000,100.0000,100.0000,100.0000
1170.0000,100.0000,100.0000,100.0000
1170.5000,100.0000,100.0000,100.0000
1171.0000,100.0000,100.0000,100.0000
1171.5000,100.0000,100.0000,100.0000
1172.0000,100.0000,100.0000,100.0000
1172.5000,100.0000,100.0000,100.0000
1173.0000,100.0000,100.0000,100.0000
1173.5000,100.0000,100.0000,100.0000
1174.0000,100.0000,100.0000,100.0000
1174.5000,100.0000,100.0000,100.0000
1175.0000,100.0000,100.0000,100.0000
1175.5000,100.0000,100.0000,100.0000
1176.0000,100.0000,100.0000,100.0000
1176.5000,100.0000,100.0000,100.0000
1177.0000,100.0000,100.0000,100.0000
1177.5000,100.0000,100.0000,100.0000
1178.0000,100.0000,100.0000,100.0000
1178.5000,100.0000,100.0000,100.0000
1179.0000,100.0000,100.0000,100.0000
1179.5000,100.0000,100.0000,100.0000
1180.0000,100.0000,100.0000,100.0000
1180.5000,100.0000,100.0000,100.0000
1181.0000,100.0000,100.0000,100.0000
1181.5000,100.0000,100.0000,100.0000
1182.0000,100.0000,100.0000,100.0000
1182.5000,100.0000,100.0000,100.0000
1183.0000,100.0000,100.0000,100.0000
1183.5000,100.0000,100.0000,100.0000
1184.0000,100.0000,100.0000,100.0000
1184.5000,100.0000,100.0000,100.0000
1185.0000,100.0000,100.0000,100.0000
1185.5000,100.0000,100.0000,100.0000
1186.0000,100.0000,100.0000,100.0000
1186.5000,100.0000,100.0000,100.0000
1187.0000,100.0000,100.0000,100.0000
1187.5000,100.0000,100.0000,100.0000
1188.0000,100.0000,100.0000,100.0000
1188.5000,100.0000,100.0000,100.0000
1189.0000,100.0000,100.0000,100.0000
1189.5000,100.0000,100.0000,100.0000
1190.0000,100.0000,100.0000,100.0000
1190.5000,100.0000,100.0000,100.0000
1191.0000,100.0000,100.0000,100.0000
1191.5000,100.0000,100.0000,100.0000
1192.0000,100.0000,100.0000,100.0000
1192.5000,100.0000,100.0000,100.0000
1193.0000,100.0000,100.0000,100.0000
1193.5000,100.0000,100.0000,100.0000
1194.0000,100.0000,100.0000,100.0000
1194.5000,100.0000,100.0000,100.0000
1195.0000,100.0000,100.0000,100.0000
1195.5000,100.0000,100.0000,100.0000
1196.0000,100.0000,100.0000,100.0000
1196.5000,100.0000,100.0000,100.0000
1197.0000,100.0000,100.0000,100.0000
1197.5000,100.0000,100.0000,100.0000
1198.0000,100.0000,100.0000,100.0000
1198.5000,100.0000,100.0000,100.0000
1199.0000,100.0000,100.0000,100.0000
1199.5000,100.0000,100.0000,100.0000
1200.0000,100.0000,100.0000,100.0000
